variable,n_outliers,outlier_defects,outlier_defect_rate,split
Injection_Time,16,0.0,0.0,train
Barrel_Temperature_5,12,0.0,0.0,train
Plasticizing_Time,8,0.0,0.0,train
Cycle_Time,8,0.0,0.0,train
Max_Switch_Over_Pressure,4,0.0,0.0,train
Barrel_Temperature_2,4,0.0,0.0,train
Max_Injection_Pressure,2,0.0,0.0,train
Barrel_Temperature_1,2,0.0,0.0,train
Hopper_Temperature,2,0.0,0.0,train
Filling_Time,0,0.0,,train
Clamp_Close_Time,0,0.0,,train
Cushion_Position,0,0.0,,train
Plasticizing_Position,0,0.0,,train
Max_Injection_Speed,0,0.0,,train
Max_Screw_RPM,0,0.0,,train
Average_Screw_RPM,0,0.0,,train
Max_Back_Pressure,0,0.0,,train
Average_Back_Pressure,0,0.0,,train
Barrel_Temperature_3,0,0.0,,train
Barrel_Temperature_4,0,0.0,,train
Barrel_Temperature_6,0,0.0,,train
Mold_Temperature_3,0,0.0,,train
Mold_Temperature_4,0,0.0,,train
Plasticizing_Time,977,,,test
Barrel_Temperature_6,976,,,test
Barrel_Temperature_4,218,,,test
Barrel_Temperature_5,199,,,test
Barrel_Temperature_3,20,,,test
Cycle_Time,4,,,test
Plasticizing_Position,4,,,test
Clamp_Close_Time,3,,,test
Max_Injection_Pressure,2,,,test
Max_Switch_Over_Pressure,2,,,test
Injection_Time,0,,,test
Filling_Time,0,,,test
Cushion_Position,0,,,test
Clamp_Open_Position,0,,,test
Max_Injection_Speed,0,,,test
Max_Screw_RPM,0,,,test
Average_Screw_RPM,0,,,test
Max_Back_Pressure,0,,,test
Average_Back_Pressure,0,,,test
Barrel_Temperature_1,0,,,test
Barrel_Temperature_2,0,,,test
Hopper_Temperature,0,,,test
Mold_Temperature_3,0,,,test
Mold_Temperature_4,0,,,test
