var_a,var_b,r,split
Mold_Temperature_3,Mold_Temperature_4,0.9736475896479386,train
Clamp_Close_Time,Barrel_Temperature_1,0.9964295738831427,test
Barrel_Temperature_4,Barrel_Temperature_5,0.9962473849435611,test
Clamp_Open_Position,Barrel_Temperature_1,-0.9955906382748437,test
Cushion_Position,Barrel_Temperature_1,0.995517530201843,test
Cushion_Position,Clamp_Open_Position,-0.9925884886390379,test
Clamp_Close_Time,Cushion_Position,0.9910267906856327,test
Mold_Temperature_3,Mold_Temperature_4,0.9892139490890253,test
Clamp_Close_Time,Clamp_Open_Position,-0.9883821284062911,test
Cushion_Position,Average_Screw_RPM,0.9855846519992744,test
Max_Injection_Speed,Max_Back_Pressure,0.9848818099008663,test
Filling_Time,Barrel_Temperature_1,-0.9838911820270186,test
Cycle_Time,Cushion_Position,0.9815826164306538,test
Filling_Time,Clamp_Open_Position,0.9804194629913665,test
Barrel_Temperature_2,Barrel_Temperature_3,0.9800142890821377,test
Clamp_Open_Position,Average_Screw_RPM,-0.9800139189088978,test
Average_Screw_RPM,Barrel_Temperature_1,0.9768425288378323,test
Cycle_Time,Average_Screw_RPM,0.9758157855954068,test
Filling_Time,Clamp_Close_Time,-0.9751765893802764,test
Cycle_Time,Barrel_Temperature_1,0.9733022262610422,test
Cycle_Time,Clamp_Open_Position,-0.9723975659414432,test
Barrel_Temperature_1,Mold_Temperature_3,0.9717364953529576,test
Cushion_Position,Mold_Temperature_3,0.9700717302565093,test
Filling_Time,Cushion_Position,-0.9699607458486447,test
Clamp_Open_Position,Mold_Temperature_3,-0.9682540002676591,test
Cycle_Time,Clamp_Close_Time,0.9670140967557956,test
Clamp_Close_Time,Mold_Temperature_3,0.9661264620684346,test
Clamp_Close_Time,Average_Screw_RPM,0.9647754439289616,test
Filling_Time,Max_Injection_Speed,-0.96285975710411,test
Filling_Time,Max_Back_Pressure,-0.9588987128118955,test
Average_Screw_RPM,Mold_Temperature_3,0.95612466137346,test
Cycle_Time,Mold_Temperature_3,0.9542401046152104,test
Filling_Time,Average_Screw_RPM,-0.9533105975624252,test
Filling_Time,Mold_Temperature_3,-0.9512062333081179,test
Max_Screw_RPM,Average_Screw_RPM,0.9500984802003747,test
