seed,f1_grouped,f1_ignoring_groups,pr_auc_grouped,pr_auc_ignoring_groups
0,0.0,0.0,0.018103115045008618,0.019447632919609773
1,0.03636363636363636,0.0,0.0194936972205627,0.019606298533243464
2,0.0,0.0,0.01899740579865174,0.016305111842614715
3,0.0,0.0,0.017600766669621532,0.023597279764437998
4,0.0,0.0,0.021512373823242985,0.019906916468561894
5,0.03636363636363636,0.0,0.024108041457481626,0.019964753734070903
6,0.0,0.04,0.02338538950136661,0.017893300875401537
7,0.03636363636363636,0.0,0.03740605787112819,0.01957914642496319
8,0.0,0.0,0.019633560316808074,0.0205338331745475
9,0.03636363636363636,0.0,0.026362406145215875,0.021379814531444594
