Hopper_Temperature,Barrel_Temperature_3,mean_output
-1.850359846350408,-1.845953628151486,0.012589987191354353
-1.850359846350408,-1.1851991125981078,0.012589987191354353
-1.850359846350408,-0.6167366847818262,0.016103406511783682
-1.850359846350408,-0.3094090031290929,0.015864621822420148
-1.850359846350408,-0.0020813214763596,0.015701254637090094
-1.850359846350408,-0.0020813214763596,0.015701254637090094
-1.850359846350408,0.3052463601763737,0.015605304563635057
-1.850359846350408,0.3052463601763737,0.015605304563635057
-1.850359846350408,1.2271356218933005,0.014237394205527082
-1.850359846350408,1.8417909851987668,0.006417138265355441
-1.036925309027852,-1.845953628151486,0.013035371865576116
-1.036925309027852,-1.1851991125981078,0.013035371865576116
-1.036925309027852,-0.6167366847818262,0.016781963961006636
-1.036925309027852,-0.3094090031290929,0.016539640151742127
-1.036925309027852,-0.0020813214763596,0.01637069327689338
-1.036925309027852,-0.0020813214763596,0.01637069327689338
-1.036925309027852,0.3052463601763737,0.016271351531800874
-1.036925309027852,0.3052463601763737,0.016271351531800874
-1.036925309027852,1.2271356218933005,0.014784744257899142
-1.036925309027852,1.8417909851987668,0.006560625645909023
-0.5285282383560259,-1.845953628151486,0.01313484347064654
-0.5285282383560259,-1.1851991125981078,0.01313484347064654
-0.5285282383560259,-0.6167366847818262,0.01689201554312063
-0.5285282383560259,-0.3094090031290929,0.016649062915768523
-0.5285282383560259,-0.0020813214763596,0.016479146685614367
-0.5285282383560259,-0.0020813214763596,0.016479146685614367
-0.5285282383560259,0.3052463601763737,0.01637889789447337
-0.5285282383560259,0.3052463601763737,0.01637889789447337
-0.5285282383560259,1.2271356218933005,0.01471892836743603
-0.5285282383560259,1.8417909851987668,0.006534834860024136
-0.2234868929434656,-1.845953628151486,0.013033440961040295
-0.2234868929434656,-1.1851991125981078,0.013033440961040295
-0.2234868929434656,-0.6167366847818262,0.016796065977152684
-0.2234868929434656,-0.3094090031290929,0.01655404046556606
-0.2234868929434656,-0.0020813214763596,0.016384444017337428
-0.2234868929434656,-0.0020813214763596,0.016384444017337428
-0.2234868929434656,0.3052463601763737,0.016285326053480813
-0.2234868929434656,0.3052463601763737,0.016285326053480813
-0.2234868929434656,1.2271356218933005,0.014558072781506046
-0.2234868929434656,1.8417909851987668,0.006397060708059607
-0.0201311676841996,-1.845953628151486,0.012513825305018647
-0.0201311676841996,-1.1851991125981078,0.012513825305018647
-0.0201311676841996,-0.6167366847818262,0.016171082723270228
-0.0201311676841996,-0.3094090031290929,0.015934415167640353
-0.0201311676841996,-0.0020813214763596,0.01577340547067767
-0.0201311676841996,-0.0020813214763596,0.01577340547067767
-0.0201311676841996,0.3052463601763737,0.015680164236451168
-0.0201311676841996,0.3052463601763737,0.015680164236451168
-0.0201311676841996,1.2271356218933005,0.013994794534705358
-0.0201311676841996,1.8417909851987668,0.006134669286105189
0.1832323150987276,-1.845953628151486,0.01253587056306941
0.1832323150987276,-1.1851991125981078,0.01253587056306941
0.1832323150987276,-0.6167366847818262,0.0161982766699806
0.1832323150987276,-0.3094090031290929,0.015961220262571137
0.1832323150987276,-0.0020813214763596,0.015800051093611284
0.1832323150987276,-0.0020813214763596,0.015800051093611284
0.1832323150987276,0.3052463601763737,0.015706738870969322
0.1832323150987276,0.3052463601763737,0.015706738870969322
0.1832323150987276,1.2271356218933005,0.014017191724980409
0.1832323150987276,1.8417909851987668,0.006147255565439606
0.4882659029876265,-1.845953628151486,0.012458436882601462
0.4882659029876265,-1.1851991125981078,0.012458436882601462
0.4882659029876265,-0.6167366847818262,0.01610092832331033
0.4882659029876265,-0.3094090031290929,0.01587010550934125
0.4882659029876265,-0.0020813214763596,0.01570983416457581
0.4882659029876265,-0.0020813214763596,0.01570983416457581
0.4882659029876265,0.3052463601763737,0.01561669835170584
0.4882659029876265,0.3052463601763737,0.01561669835170584
0.4882659029876265,1.2271356218933005,0.01393853632816722
0.4882659029876265,1.8417909851987668,0.0060989624674980675
0.7933072484001868,-1.845953628151486,0.010223815465448108
0.7933072484001868,-1.1851991125981078,0.010223815465448108
0.7933072484001868,-0.6167366847818262,0.013146510819580591
0.7933072484001868,-0.3094090031290929,0.012945595396913059
0.7933072484001868,-0.0020813214763596,0.013102443614711735
0.7933072484001868,-0.0020813214763596,0.013102443614711735
0.7933072484001868,0.3052463601763737,0.013019140156372233
0.7933072484001868,0.3052463601763737,0.013019140156372233
0.7933072484001868,1.2271356218933005,0.011837003235489182
0.7933072484001868,1.8417909851987668,0.005426983780317991
0.8949851110298198,-1.845953628151486,0.010223815465448108
0.8949851110298198,-1.1851991125981078,0.010223815465448108
0.8949851110298198,-0.6167366847818262,0.013146510819580591
0.8949851110298198,-0.3094090031290929,0.012945595396913059
0.8949851110298198,-0.0020813214763596,0.013102443614711735
0.8949851110298198,-0.0020813214763596,0.013102443614711735
0.8949851110298198,0.3052463601763737,0.013019140156372233
0.8949851110298198,0.3052463601763737,0.013019140156372233
0.8949851110298198,1.2271356218933005,0.011837003235489182
0.8949851110298198,1.8417909851987668,0.005426983780317991
1.499976151199802,-1.845953628151486,0.006141524102214584
1.499976151199802,-1.1851991125981078,0.006141524102214584
1.499976151199802,-0.6167366847818262,0.0077649878677763465
1.499976151199802,-0.3094090031290929,0.0076025294186728085
1.499976151199802,-0.0020813214763596,0.007709685437454958
1.499976151199802,-0.0020813214763596,0.007709685437454958
1.499976151199802,0.3052463601763737,0.007650015836665017
1.499976151199802,0.3052463601763737,0.007650015836665017
1.499976151199802,1.2271356218933005,0.006994188967706838
1.499976151199802,1.8417909851987668,0.003674897332359324
