model,seed,f1,pr_auc,n_flag_nominal,n_flag_actual
random_score,0,0.0,0.021299352012240876,17,17
random_score,1,0.0,0.012551524379139648,17,17
random_score,2,0.0,0.016550022322787048,17,17
random_score,3,0.0,0.014181119226946245,17,17
random_score,4,0.0,0.013820257968003917,17,17
random_score,5,0.0,0.014533653727694168,17,17
random_score,6,0.058823529411764705,0.04192221823027027,17,17
random_score,7,0.0,0.01655199835954088,17,17
random_score,8,0.058823529411764705,0.020347379401677496,17,17
random_score,9,0.0,0.01739399873917123,17,17
deviation_score,0,0.32432432432432434,0.196645359352477,17,20
deviation_score,1,0.3783783783783784,0.2142398852783149,17,20
deviation_score,2,0.2702702702702703,0.2069668188923622,17,20
deviation_score,3,0.3783783783783784,0.21774167061412683,17,20
deviation_score,4,0.2702702702702703,0.22144646089235148,17,20
deviation_score,5,0.32432432432432434,0.19171982594847442,17,20
deviation_score,6,0.32432432432432434,0.2124257164473134,17,20
deviation_score,7,0.21621621621621623,0.21081961188677786,17,20
deviation_score,8,0.32432432432432434,0.21691322619333822,17,20
deviation_score,9,0.3783783783783784,0.20651402608050737,17,20
logistic,0,0.3783783783783784,0.3795967272235001,17,20
logistic,1,0.43243243243243246,0.45525098701631617,17,20
logistic,2,0.32432432432432434,0.2517595024860828,17,20
logistic,3,0.43243243243243246,0.525701415287459,17,20
logistic,4,0.4864864864864865,0.3387610659236957,17,20
logistic,5,0.43243243243243246,0.41192540722765625,17,20
logistic,6,0.5405405405405406,0.358554943691074,17,20
logistic,7,0.43243243243243246,0.3885391804435858,17,20
logistic,8,0.4864864864864865,0.3288926457268657,17,20
logistic,9,0.4864864864864865,0.4910371050449084,17,20
random_forest,0,0.2702702702702703,0.20627171543186784,17,20
random_forest,1,0.32432432432432434,0.35213963925257885,17,20
random_forest,2,0.2702702702702703,0.39442598012065444,17,20
random_forest,3,0.21621621621621623,0.2820162570038898,17,20
random_forest,4,0.2702702702702703,0.3567591031573736,17,20
random_forest,5,0.32432432432432434,0.2724455879611396,17,20
random_forest,6,0.2702702702702703,0.2804908987075305,17,20
random_forest,7,0.3783783783783784,0.36283332411085156,17,20
random_forest,8,0.32432432432432434,0.3203343106187538,17,20
random_forest,9,0.21621621621621623,0.36803680803433814,17,20
hist_gb,0,0.43243243243243246,0.4389581606863053,17,20
hist_gb,1,0.3783783783783784,0.4688529468594965,17,20
hist_gb,2,0.3783783783783784,0.4773879775225429,17,20
hist_gb,3,0.3783783783783784,0.4628472155991459,17,20
hist_gb,4,0.3783783783783784,0.461373908801746,17,20
hist_gb,5,0.4864864864864865,0.4795348306136968,17,20
hist_gb,6,0.3783783783783784,0.4438470692791753,17,20
hist_gb,7,0.3783783783783784,0.485196252124931,17,20
hist_gb,8,0.32432432432432434,0.39256253081039194,17,20
hist_gb,9,0.43243243243243246,0.48885028707809564,17,20
guidebook_dae,0,0.32432432432432434,0.23641051668721355,17,20
guidebook_dae,1,0.3783783783783784,0.2922604783851799,17,20
guidebook_dae,2,0.2702702702702703,0.2302322091691118,17,20
guidebook_dae,3,0.3783783783783784,0.322003770126341,17,20
guidebook_dae,4,0.32432432432432434,0.2171433158450974,17,20
guidebook_dae,5,0.32432432432432434,0.28818492312480604,17,20
guidebook_dae,6,0.32432432432432434,0.255424855357072,17,20
guidebook_dae,7,0.3783783783783784,0.43690902669779486,17,20
guidebook_dae,8,0.32432432432432434,0.4199088858845198,17,20
guidebook_dae,9,0.3783783783783784,0.2876436443410338,17,20
soft_vote_ensemble,0,0.3783783783783784,0.47211032209695003,17,20
soft_vote_ensemble,1,0.43243243243243246,0.5173597205623918,17,20
soft_vote_ensemble,2,0.43243243243243246,0.48375870096771934,17,20
soft_vote_ensemble,3,0.43243243243243246,0.5188294042261025,17,20
soft_vote_ensemble,4,0.43243243243243246,0.4845853189527267,17,20
soft_vote_ensemble,5,0.43243243243243246,0.4990796986636298,17,20
soft_vote_ensemble,6,0.4864864864864865,0.49405830684460483,17,20
soft_vote_ensemble,7,0.3783783783783784,0.4894745810015412,17,20
soft_vote_ensemble,8,0.4864864864864865,0.49212915909000465,17,20
soft_vote_ensemble,9,0.43243243243243246,0.53906919557109,17,20
