variable,train_mean,train_std,test_mean,test_std,mean_gap_sd,std_ratio,warning
Injection_Time,-2.9571720794640006e-14,1.0004131377990753,1.0323728843303479e-16,1.0000141891268728,2.966270329911742e-14,0.9996012160805083,
Filling_Time,-5.351073286649144e-15,1.0004131377990753,-8.12993646410149e-16,1.000014189126873,4.536205562256852e-15,0.9996012160805086,
Plasticizing_Time,6.477615031206859e-15,1.0004131377990755,-2.5809322108258696e-17,1.0000141891268728,6.500738652455877e-15,0.9996012160805081,
Cycle_Time,5.069437850509716e-14,1.0004131377990753,7.742796632477609e-16,1.0000141891268728,4.989948347906986e-14,0.9996012160805083,
Clamp_Close_Time,-1.574811480412972e-14,1.0004131377990753,-7.742796632477609e-17,1.0000141891268728,1.5664215358347555e-14,0.9996012160805083,
Cushion_Position,4.630532492906094e-12,1.0004131377990753,-1.290466105412935e-16,1.0000141891268728,4.628749228248006e-12,0.9996012160805083,
Plasticizing_Position,-3.628403202262972e-14,1.0004131377990753,-5.161864421651739e-17,1.0000141891268728,3.6217450580592224e-14,0.9996012160805083,
Clamp_Open_Position,0.0,0.0,1.4969406822790045e-15,1.0000141891268726,,,train_constant
Max_Injection_Speed,3.2388075156034296e-15,1.0004131377990753,-1.290466105412935e-16,1.0000141891268728,3.3664633129009635e-15,0.9996012160805083,
Max_Screw_RPM,-6.68884160831143e-15,1.0004131377990753,3.0971186529910437e-16,1.0000141891268728,6.995663300671424e-15,0.9996012160805083,
Average_Screw_RPM,4.196367998477487e-14,1.0004131377990753,2.5809322108258696e-17,1.0000141891268728,4.1920551698201995e-14,0.9996012160805083,
Max_Injection_Pressure,1.074908581265486e-13,1.0004131377990755,-3.0971186529910437e-16,1.000014189126873,1.0775605189373126e-13,0.9996012160805083,
Max_Switch_Over_Pressure,-1.5924136951716862e-14,1.0004131377990753,-5.161864421651739e-17,1.0000141891268728,1.5865963478268725e-14,0.9996012160805083,
Max_Back_Pressure,-3.755139148525715e-15,1.0004131377990755,-2.8390254319084565e-16,1.0000141891268728,3.4698030985195218e-15,0.9996012160805081,
Average_Back_Pressure,-3.708199909169144e-15,1.0004131377990753,0.0,1.0000141891268728,3.706668544284857e-15,0.9996012160805083,
Barrel_Temperature_1,-1.8247629299867148e-14,1.0004131377990753,5.161864421651739e-17,1.000014189126873,1.8291690955141095e-14,0.9996012160805086,
Barrel_Temperature_2,-3.505481069197951e-14,1.0004131377990753,4.6714873015948245e-15,1.0000141891268728,3.97098923360531e-14,0.9996012160805083,
Barrel_Temperature_3,8.745367032621216e-15,1.0004131377990753,-2.58093221082587e-16,1.0000141891268728,8.999742120052079e-15,0.9996012160805083,
Barrel_Temperature_4,2.114319362767565e-14,1.0004131377990753,9.859161045354822e-15,1.0000141891268728,1.1279372647130442e-14,0.9996012160805083,
Barrel_Temperature_5,5.257194807936001e-15,1.0004131377990753,1.4324173770083576e-15,1.0000141891268726,3.82319792335216e-15,0.9996012160805081,
Barrel_Temperature_6,-3.579410371184551e-14,1.0004131377990755,-7.226610190312435e-16,1.0000141891268728,3.5056959337791176e-14,0.9996012160805081,
Hopper_Temperature,-2.675536643324572e-15,1.0004131377990753,-4.645677979486565e-16,1.0000141891268726,2.210055787791914e-15,0.9996012160805081,
Mold_Temperature_3,-8.214366887400002e-16,1.0004131377990753,0.0,1.0000141891268728,8.210974623415821e-16,0.9996012160805083,
Mold_Temperature_4,-1.6428733774800003e-16,1.000413137799075,1.290466105412935e-16,1.0000141891268728,2.9321281099389894e-16,0.9996012160805086,
