product_id,group,final_rank_frac,best_other_model,best_other_rank_frac,fn_type
47,24,0.0,soft_vote_ensemble,0.00819672131147541,잡힘
80,40,0.07597989610740066,random_forest,0.06979019091951696,신호 없음
95,48,0.19016393442622953,deviation_score,0.012396694214876033,모델 차이
99,50,0.07007788320919633,random_forest,0.03702072889852323,신호 없음
101,51,0.16942148760330578,hist_gb,0.028790136837826854,신호 없음
103,52,0.037037037037037035,random_forest,0.029028925619834712,신호 없음
105,53,0.10062065708695946,hist_gb,0.049586776859504134,신호 없음
107,54,0.08677685950413223,hist_gb,0.02475937829473183,모델 차이
109,55,0.008213586993186264,soft_vote_ensemble,0.008213586993186264,잡힘
111,56,0.024793388429752067,soft_vote_ensemble,0.028790136837826854,경계
113,57,0.06639118457300275,random_forest,0.012431129476584021,모델 차이
115,58,0.0,deviation_score,0.0,잡힘
116,58,0.0,deviation_score,0.0,잡힘
117,59,0.0,deviation_score,0.0,잡힘
118,59,0.0,deviation_score,0.0,잡힘
119,60,0.0,deviation_score,0.0,잡힘
120,60,0.0,deviation_score,0.0,잡힘
