variable,pr_auc_drop_mean,pr_auc_drop_std,top_rate
Clamp_Close_Time,0.18968775951078215,0.14438053320893707,0.86
Max_Injection_Speed,0.3316941047997583,0.3122665985436705,0.7
Plasticizing_Position,0.11631744930346766,0.1147074882787613,0.6
Hopper_Temperature,0.11708581021605603,0.11749319828397632,0.56
Mold_Temperature_4,0.0789599648249318,0.10439124512107949,0.46
Mold_Temperature_3,0.08615009467788048,0.12194080586454636,0.42
Cycle_Time,0.061988228808134205,0.1183078353012738,0.3
Filling_Time,0.0003907062858691524,0.10152329522246502,0.18
Average_Screw_RPM,0.023825333532602667,0.07734333584478292,0.12
Max_Injection_Pressure,-0.00042707865280363966,0.12550044093277007,0.1
Clamp_Open_Position,0.0,0.0,0.08
Cushion_Position,-0.001643121276167144,0.0764178339246107,0.08
Barrel_Temperature_1,-0.00879613193304019,0.10633111561424631,0.08
Barrel_Temperature_4,-0.014292646898003332,0.08177112351757927,0.08
Injection_Time,-0.01897620613899844,0.09381284228795977,0.08
Barrel_Temperature_6,-0.013826284151585135,0.058284637019453134,0.06
Plasticizing_Time,-0.014381485994702754,0.06260631422627427,0.06
Max_Back_Pressure,-0.019001986428827878,0.06986000799890106,0.06
Max_Switch_Over_Pressure,-0.008824644629308919,0.0387895307590457,0.04
Average_Back_Pressure,-0.014971141858820966,0.0623386538217944,0.04
Barrel_Temperature_2,-0.009852487622851831,0.08179473679730939,0.02
Barrel_Temperature_3,-0.030900516080585683,0.054338916415242244,0.02
Max_Screw_RPM,-0.019653015717075305,0.04288352691226787,0.0
Barrel_Temperature_5,-0.023710949731685447,0.047951898307903605,0.0
