product_id,label,group,proba_mean,flag_rate,rank_frac_median
0,0,0,0.003487897759861711,0.0,0.11934156378600823
1,0,1,0.0076877435673635905,0.0,0.07024793388429752
2,0,1,0.0076877435673635905,0.0,0.07024793388429752
3,0,2,0.05970546551183585,0.0,0.08009512244484922
4,0,2,0.05970546551183585,0.0,0.08009512244484922
5,0,3,0.09407592463852714,0.1,0.04149449035812672
6,0,3,0.09407592463852714,0.1,0.04149449035812672
7,0,4,0.022005227258489725,0.0,0.06198347107438017
8,0,4,0.022005227258489725,0.0,0.06198347107438017
9,0,5,0.6831606411772047,1.0,0.008213586993186264
10,0,5,0.6831606411772047,1.0,0.008213586993186264
11,0,6,0.17997242092780094,0.4,0.01646090534979424
12,0,6,0.17997242092780094,0.4,0.01646090534979424
13,0,7,0.018695172805376286,0.0,0.061712505080612386
14,0,7,0.018695172805376286,0.0,0.061712505080612386
15,0,8,0.00098660092057979,0.0,0.1831275720164609
16,0,8,0.00098660092057979,0.0,0.1831275720164609
17,0,9,0.0019923398923443253,0.0,0.12371186613610856
18,0,9,0.0019923398923443253,0.0,0.12371186613610856
19,0,10,0.001685443415133316,0.0,0.16049382716049382
20,0,10,0.001685443415133316,0.0,0.16049382716049382
21,0,11,0.00642119772210657,0.0,0.10788567493112948
22,0,11,0.00642119772210657,0.0,0.10788567493112948
23,0,12,0.14899116037626797,0.2,0.024793388429752067
24,0,12,0.14899116037626797,0.2,0.024793388429752067
25,0,13,0.4665755178224349,0.3,0.016597796143250687
26,0,13,0.4665755178224349,0.3,0.016597796143250687
27,0,14,0.05872629010861448,0.0,0.03333333333333333
28,0,14,0.05872629010861448,0.0,0.03333333333333333
29,0,15,0.0217951892214716,0.0,0.04542349726775956
30,0,15,0.0217951892214716,0.0,0.04542349726775956
31,0,16,0.3975116545823968,0.2,0.016666666666666666
32,0,16,0.3975116545823968,0.2,0.016666666666666666
33,0,17,0.012322403133170004,0.0,0.10310172431384552
34,0,17,0.012322403133170004,0.0,0.10310172431384552
35,0,18,0.001647583919729291,0.0,0.12397540983606557
36,0,18,0.001647583919729291,0.0,0.12397540983606557
37,0,19,0.08146523114758969,0.2,0.024640760979558793
38,0,19,0.08146523114758969,0.2,0.024640760979558793
39,0,20,0.04588243850622462,0.0,0.0621900826446281
40,0,20,0.04588243850622462,0.0,0.0621900826446281
41,0,21,0.009214636187018236,0.0,0.09852931255481347
42,0,21,0.009214636187018236,0.0,0.09852931255481347
43,0,22,0.00825733437650111,0.0,0.09856304391823517
44,0,22,0.00825733437650111,0.0,0.09856304391823517
45,0,23,0.01737165385532826,0.1,0.13040123456790123
46,0,23,0.01737165385532826,0.1,0.13040123456790123
47,1,24,0.561299202631983,1.0,0.0
48,0,24,0.561299202631983,1.0,0.0
49,0,25,0.002982982216400416,0.0,0.13636363636363635
50,0,25,0.002982982216400416,0.0,0.13636363636363635
51,0,26,0.002650805884452938,0.0,0.19588137264904942
52,0,26,0.002650805884452938,0.0,0.19588137264904942
53,0,27,0.0004940328400399937,0.0,0.22060674080876103
54,0,27,0.0004940328400399937,0.0,0.22060674080876103
55,0,28,0.006131580644521402,0.0,0.08677685950413223
56,0,28,0.006131580644521402,0.0,0.08677685950413223
57,0,29,0.00036515334349687955,0.0,0.2066256830601093
58,0,29,0.00036515334349687955,0.0,0.2066256830601093
59,0,30,0.008572285792359347,0.0,0.06222451790633609
60,0,30,0.008572285792359347,0.0,0.06222451790633609
61,0,31,0.024968509490545823,0.0,0.053925619834710746
62,0,31,0.024968509490545823,0.0,0.053925619834710746
63,0,32,0.08383156158841708,0.1,0.037242798353909465
64,0,32,0.08383156158841708,0.1,0.037242798353909465
65,0,33,0.0032953899466760307,0.0,0.12451790633608815
66,0,33,0.0032953899466760307,0.0,0.12451790633608815
67,0,34,0.000458229342940531,0.0,0.18107302533532044
68,0,34,0.000458229342940531,0.0,0.18107302533532044
69,0,35,0.011534219032404501,0.0,0.06666666666666667
70,0,35,0.011534219032404501,0.0,0.06666666666666667
71,0,36,0.0003160760475522003,0.0,0.6317901234567902
72,0,36,0.0003160760475522003,0.0,0.6317901234567902
73,0,37,0.0019409301675011412,0.0,0.16115702479338845
74,0,37,0.0019409301675011412,0.0,0.16115702479338845
75,0,38,0.030609118660216022,0.0,0.05371900826446281
76,0,38,0.030609118660216022,0.0,0.05371900826446281
77,0,39,0.0511160425635363,0.1,0.03702072889852323
78,0,39,0.0511160425635363,0.1,0.03702072889852323
79,0,40,0.007253728184309335,0.0,0.07597989610740066
80,1,40,0.007253728184309335,0.0,0.07597989610740066
81,0,41,0.012562213469408329,0.1,0.05761316872427984
82,0,41,0.012562213469408329,0.1,0.05761316872427984
83,0,42,0.04656414149469086,0.0,0.049586776859504134
84,0,42,0.04656414149469086,0.0,0.049586776859504134
85,0,43,0.018567388037463373,0.0,0.0290633608815427
86,0,43,0.018567388037463373,0.0,0.0290633608815427
87,0,44,0.04971538877989028,0.0,0.04115296030348191
88,0,44,0.04971538877989028,0.0,0.04115296030348191
89,0,45,0.7627992815623761,1.0,0.004098360655737705
90,0,45,0.7627992815623761,1.0,0.004098360655737705
91,0,46,0.0018956681574021478,0.0,0.09854617823652431
92,0,46,0.0018956681574021478,0.0,0.09854617823652431
93,0,47,0.004903146924696622,0.0,0.10311872938135565
94,0,47,0.004903146924696622,0.0,0.10311872938135565
95,1,48,0.0053625853176856335,0.1,0.19016393442622953
96,0,48,0.0053625853176856335,0.1,0.19016393442622953
97,0,49,0.1239486435543643,0.1,0.024896694214876034
98,0,49,0.1239486435543643,0.1,0.024896694214876034
99,1,50,0.011398216592012365,0.0,0.07007788320919633
100,0,50,0.011398216592012365,0.0,0.07007788320919633
101,1,51,0.0003964863303683731,0.0,0.16942148760330578
102,0,51,0.0003964863303683731,0.0,0.16942148760330578
103,1,52,0.07925404034629017,0.2,0.037037037037037035
104,0,52,0.07925404034629017,0.2,0.037037037037037035
105,1,53,0.005918541629453294,0.0,0.10062065708695946
106,0,53,0.005918541629453294,0.0,0.10062065708695946
107,1,54,0.006024197733347681,0.0,0.08677685950413223
108,0,54,0.006024197733347681,0.0,0.08677685950413223
109,1,55,0.47974643677812595,0.9,0.008213586993186264
110,0,55,0.47974643677812595,0.9,0.008213586993186264
111,1,56,0.058078351456494634,0.1,0.024793388429752067
112,0,56,0.058078351456494634,0.1,0.024793388429752067
113,1,57,0.014663650778124555,0.1,0.06639118457300275
114,0,57,0.014663650778124555,0.1,0.06639118457300275
115,1,58,0.9695709618237099,1.0,0.0
116,1,58,0.9695709618237099,1.0,0.0
117,1,59,0.5897980064136644,1.0,0.0
118,1,59,0.5897980064136644,1.0,0.0
119,1,60,0.8635292981277425,0.9,0.0
120,1,60,0.8635292981277425,0.9,0.0
121,0,61,0.3585607709815236,0.3,0.020610141822263034
122,0,61,0.3585607709815236,0.3,0.020610141822263034
123,0,62,0.001202976153157432,0.0,0.15354683195592286
124,0,62,0.001202976153157432,0.0,0.15354683195592286
125,0,63,0.002128641899270361,0.0,0.14166666666666666
126,0,63,0.002128641899270361,0.0,0.14166666666666666
127,0,64,0.0020834874490149465,0.0,0.10744535519125684
128,0,64,0.0020834874490149465,0.0,0.10744535519125684
129,0,65,0.006647867387722527,0.0,0.11154371584699455
130,0,65,0.006647867387722527,0.0,0.11154371584699455
131,0,66,0.03896301652054129,0.0,0.07407532854626744
132,0,66,0.03896301652054129,0.0,0.07407532854626744
133,0,67,0.02764530170598003,0.0,0.06611570247933884
134,0,67,0.02764530170598003,0.0,0.06611570247933884
135,0,68,0.029668506044652338,0.0,0.049501751521953546
136,0,68,0.029668506044652338,0.0,0.049501751521953546
137,0,69,0.08136517796624072,0.0,0.03298983096962895
138,0,69,0.08136517796624072,0.0,0.03298983096962895
139,0,70,0.018241459291314016,0.0,0.06557377049180328
140,0,70,0.018241459291314016,0.0,0.06557377049180328
141,0,71,0.0006600525461217569,0.0,0.19583333333333336
142,0,71,0.0006600525461217569,0.0,0.19583333333333336
143,0,72,0.017897632074869205,0.0,0.06570869594549011
144,0,72,0.017897632074869205,0.0,0.06570869594549011
145,0,73,0.0012274478566482673,0.0,0.15318930041152262
146,0,73,0.0012274478566482673,0.0,0.15318930041152262
147,0,74,0.0043183368820165205,0.0,0.07834234601911369
148,0,74,0.0043183368820165205,0.0,0.07834234601911369
149,0,75,0.007957846976210747,0.1,0.07469008264462809
150,0,75,0.007957846976210747,0.1,0.07469008264462809
151,0,76,0.010821137531137105,0.0,0.07001083863975072
152,0,76,0.010821137531137105,0.0,0.07001083863975072
153,0,77,0.05733792731991327,0.1,0.0371900826446281
154,0,77,0.05733792731991327,0.1,0.0371900826446281
155,0,78,0.003270916884616501,0.0,0.09483726150392817
156,0,78,0.003270916884616501,0.0,0.09483726150392817
157,0,79,0.00022506531746844708,0.0,0.24279835390946503
158,0,79,0.00022506531746844708,0.0,0.24279835390946503
159,0,80,0.0012513106233546963,0.0,0.1422643947896473
160,0,80,0.0012513106233546963,0.0,0.1422643947896473
161,0,81,0.0004932726593779135,0.0,0.17355371900826447
162,0,81,0.0004932726593779135,0.0,0.17355371900826447
163,0,82,6.466057708646927e-06,0.0,0.4462809917355372
164,0,82,6.466057708646927e-06,0.0,0.4462809917355372
165,0,83,2.4698358451369833e-05,0.0,0.340203380607421
166,0,83,2.4698358451369833e-05,0.0,0.340203380607421
167,0,84,3.9113866230139874e-05,0.0,0.34426759174233923
168,0,84,3.9113866230139874e-05,0.0,0.34426759174233923
169,0,85,7.918267097050506e-06,0.0,0.4784979423868313
170,0,85,7.918267097050506e-06,0.0,0.4784979423868313
171,0,86,0.0026707778302413497,0.0,0.12752337081696247
172,0,86,0.0026707778302413497,0.0,0.12752337081696247
173,0,87,0.0005271421202000514,0.0,0.17697466467958273
174,0,87,0.0005271421202000514,0.0,0.17697466467958273
175,0,88,0.002145238409848165,0.0,0.10330578512396695
176,0,88,0.002145238409848165,0.0,0.10330578512396695
177,0,89,0.0004632928912276197,0.0,0.16115702479338845
178,0,89,0.0004632928912276197,0.0,0.16115702479338845
179,0,90,1.9153061328311337e-05,0.0,0.4473523109886746
180,0,90,1.9153061328311337e-05,0.0,0.4473523109886746
181,0,91,0.00020641731830421065,0.0,0.2256687242798354
182,0,91,0.00020641731830421065,0.0,0.2256687242798354
183,0,92,1.2405012620244365e-05,0.0,0.3525830697547869
184,0,92,1.2405012620244365e-05,0.0,0.3525830697547869
185,0,93,1.050604838496074e-05,0.0,0.432716049382716
186,0,93,1.050604838496074e-05,0.0,0.432716049382716
187,0,94,6.251077399141298e-06,0.0,0.506198347107438
188,0,94,6.251077399141298e-06,0.0,0.506198347107438
189,0,95,0.0016761554598299752,0.0,0.1327479338842975
190,0,95,0.0016761554598299752,0.0,0.1327479338842975
191,0,96,0.0016678937846408893,0.0,0.1278270924735571
192,0,96,0.0016678937846408893,0.0,0.1278270924735571
193,0,97,0.0014403672491057067,0.0,0.1546270788695031
194,0,97,0.0014403672491057067,0.0,0.1546270788695031
195,0,98,0.004256632467048085,0.0,0.09545454545454546
196,0,98,0.004256632467048085,0.0,0.09545454545454546
197,0,99,5.435854553384516e-05,0.0,0.2907016290854675
198,0,99,5.435854553384516e-05,0.0,0.2907016290854675
199,0,100,0.0008093719431038887,0.0,0.16597796143250687
200,0,100,0.0008093719431038887,0.0,0.16597796143250687
201,0,101,5.0342057765947516e-05,0.0,0.3100409836065574
202,0,101,5.0342057765947516e-05,0.0,0.3100409836065574
203,0,102,8.350064384037076e-06,0.0,0.5020316804407713
204,0,102,8.350064384037076e-06,0.0,0.5020316804407713
205,0,103,1.1211468828759757e-05,0.0,0.4214876033057851
206,0,103,1.1211468828759757e-05,0.0,0.4214876033057851
207,0,104,1.0727234122219037e-06,0.0,0.7289684949065641
208,0,104,1.0727234122219037e-06,0.0,0.7289684949065641
209,0,105,2.680411163482121e-05,0.0,0.3333333333333333
210,0,105,2.680411163482121e-05,0.0,0.3333333333333333
211,0,106,9.302388935048789e-05,0.0,0.25206611570247933
212,0,106,9.302388935048789e-05,0.0,0.25206611570247933
213,0,107,0.00686630016476771,0.0,0.10927456382001836
214,0,107,0.00686630016476771,0.0,0.10927456382001836
215,0,108,0.0005620425840952534,0.0,0.18009259259259258
216,0,108,0.0005620425840952534,0.0,0.18009259259259258
217,0,109,0.00022366448992701312,0.0,0.2812158469945355
218,0,109,0.00022366448992701312,0.0,0.2812158469945355
219,0,110,0.00039056353774216207,0.0,0.1950853403494569
220,0,110,0.00039056353774216207,0.0,0.1950853403494569
221,0,111,0.000648875325513649,0.0,0.2422417864130068
222,0,111,0.000648875325513649,0.0,0.2422417864130068
223,0,112,1.3201135513242064e-05,0.0,0.5714552936775159
224,0,112,1.3201135513242064e-05,0.0,0.5714552936775159
225,0,113,7.204969634741812e-06,0.0,0.48381147540983604
226,0,113,7.204969634741812e-06,0.0,0.48381147540983604
227,0,114,1.363129803831311e-05,0.0,0.3786072347920336
228,0,114,1.363129803831311e-05,0.0,0.3786072347920336
229,0,115,0.00020773829102457134,0.0,0.23806584362139918
230,0,115,0.00020773829102457134,0.0,0.23806584362139918
231,0,116,0.00042490888202465513,0.0,0.20576480151740956
232,0,116,0.00042490888202465513,0.0,0.20576480151740956
233,0,117,0.00012032640123227963,0.0,0.2644628099173554
234,0,117,0.00012032640123227963,0.0,0.2644628099173554
235,0,118,0.0004750969380903247,0.0,0.17768595041322316
236,0,118,0.0004750969380903247,0.0,0.17768595041322316
237,0,119,0.0002932863719922177,0.0,0.23140495867768596
238,0,119,0.0002932863719922177,0.0,0.23140495867768596
239,0,120,0.00012070655658060652,0.0,0.27720434459960874
240,0,120,0.00012070655658060652,0.0,0.27720434459960874
241,0,121,0.00013103961535894105,0.0,0.24795081967213115
242,0,121,0.00013103961535894105,0.0,0.24795081967213115
243,0,122,3.3641399839295013e-06,0.0,0.5204918032786885
244,0,122,3.3641399839295013e-06,0.0,0.5204918032786885
245,0,123,1.1579269901807833e-06,0.0,0.5843042948110012
246,0,123,1.1579269901807833e-06,0.0,0.5843042948110012
247,0,124,7.863590861669991e-06,0.0,0.4743135667543682
248,0,124,7.863590861669991e-06,0.0,0.4743135667543682
249,0,125,2.1126743555584238e-05,0.0,0.3524590163934426
250,0,125,2.1126743555584238e-05,0.0,0.3524590163934426
251,0,126,0.015563010506699634,0.0,0.07037037037037036
252,0,126,0.015563010506699634,0.0,0.07037037037037036
253,0,127,0.0001267039026447422,0.0,0.28927595628415304
254,0,127,0.0001267039026447422,0.0,0.28927595628415304
255,0,128,0.00033275509346857837,0.0,0.21250000000000002
256,0,128,0.00033275509346857837,0.0,0.21250000000000002
257,0,129,0.0006784899904684884,0.0,0.19398907103825136
258,0,129,0.0006784899904684884,0.0,0.19398907103825136
259,0,130,0.0013881340358739812,0.0,0.14284979423868313
260,0,130,0.0013881340358739812,0.0,0.14284979423868313
261,0,131,6.238807057547499e-05,0.0,0.28803685137515245
262,0,131,6.238807057547499e-05,0.0,0.28803685137515245
263,0,132,1.013868382910179e-05,0.0,0.3925619834710744
264,0,132,1.013868382910179e-05,0.0,0.3925619834710744
265,0,133,1.544291756888778e-05,0.0,0.41444750535659625
266,0,133,1.544291756888778e-05,0.0,0.41444750535659625
267,0,134,3.547824076165539e-05,0.0,0.31828914524725094
268,0,134,3.547824076165539e-05,0.0,0.31828914524725094
269,0,135,0.00047502296893493805,0.0,0.1801440329218107
270,0,135,0.00047502296893493805,0.0,0.1801440329218107
271,0,136,0.0008836382396891022,0.0,0.15702479338842976
272,0,136,0.0008836382396891022,0.0,0.15702479338842976
273,0,137,0.003515134781064014,0.0,0.12372887120361868
274,0,137,0.003515134781064014,0.0,0.12372887120361868
275,0,138,0.010276629697736555,0.0,0.08211900425015178
276,0,138,0.010276629697736555,0.0,0.08211900425015178
277,0,139,0.0001924091385379988,0.0,0.24624485596707818
278,0,139,0.0001924091385379988,0.0,0.24624485596707818
279,0,140,0.00015621110932411637,0.0,0.23851781601409022
280,0,140,0.00015621110932411637,0.0,0.23851781601409022
281,0,141,8.145812642659907e-05,0.0,0.29363151858598124
282,0,141,8.145812642659907e-05,0.0,0.29363151858598124
283,0,142,4.839040866204349e-06,0.0,0.6229508196721312
284,0,142,4.839040866204349e-06,0.0,0.6229508196721312
285,0,143,0.00011520665820484712,0.0,0.2757078986587183
286,0,143,0.00011520665820484712,0.0,0.2757078986587183
287,0,144,0.0001611833016297363,0.0,0.23711866136108561
288,0,144,0.0001611833016297363,0.0,0.23711866136108561
289,0,145,0.0003377998868585999,0.0,0.1950853403494569
290,0,145,0.0003377998868585999,0.0,0.1950853403494569
291,0,146,0.0002011285232199914,0.0,0.21885245901639344
292,0,146,0.0002011285232199914,0.0,0.21885245901639344
293,0,147,0.0035208093172381916,0.0,0.1037534435261708
294,0,147,0.0035208093172381916,0.0,0.1037534435261708
295,0,148,0.007471964678610651,0.0,0.07835935108662381
296,0,149,0.0002798578530553108,0.0,0.19999659898649796
297,0,149,0.0002798578530553108,0.0,0.19999659898649796
298,0,150,7.788784977411078e-06,0.0,0.46167695473251025
299,0,148,0.007471964678610651,0.0,0.07835935108662381
300,0,150,7.788784977411078e-06,0.0,0.46167695473251025
301,0,151,3.037592322817025e-05,0.0,0.38271604938271603
302,0,151,3.037592322817025e-05,0.0,0.38271604938271603
303,0,152,0.00022723542820175433,0.0,0.20901639344262296
304,0,152,0.00022723542820175433,0.0,0.20901639344262296
305,0,153,1.4742505609836222e-05,0.0,0.4190771349862259
306,0,153,1.4742505609836222e-05,0.0,0.4190771349862259
307,0,154,1.4691192847499372e-05,0.0,0.4332456317884369
308,0,154,1.4691192847499372e-05,0.0,0.4332456317884369
309,0,155,0.0013111891535681056,0.0,0.13217213114754098
310,0,156,0.0011850595710774904,0.0,0.13647540983606557
311,0,156,0.0011850595710774904,0.0,0.13647540983606557
312,0,155,0.0013111891535681056,0.0,0.13217213114754098
313,0,157,0.00036758068135474286,0.0,0.2024793388429752
314,0,157,0.00036758068135474286,0.0,0.2024793388429752
315,0,158,0.00043056406159817565,0.0,0.3027548209366391
316,0,158,0.00043056406159817565,0.0,0.3027548209366391
317,0,159,0.00014297116674549419,0.0,0.23553719008264462
318,0,159,0.00014297116674549419,0.0,0.23553719008264462
319,0,160,9.11633297213059e-06,0.0,0.45081967213114754
320,0,160,9.11633297213059e-06,0.0,0.45081967213114754
321,0,161,2.6982535110806116e-05,0.0,0.37732544298200865
322,0,161,2.6982535110806116e-05,0.0,0.37732544298200865
323,0,162,8.579572665023073e-06,0.0,0.4036008230452675
324,0,162,8.579572665023073e-06,0.0,0.4036008230452675
325,0,163,1.2131147295859865e-05,0.0,0.38842975206611574
326,0,163,1.2131147295859865e-05,0.0,0.38842975206611574
327,0,164,3.9979160357902574e-07,0.0,0.8724427584338166
328,0,164,3.9979160357902574e-07,0.0,0.8724427584338166
329,0,165,1.446902344555191e-05,0.0,0.36101928374655645
330,0,165,1.446902344555191e-05,0.0,0.36101928374655645
331,0,166,0.000199377106553034,0.0,0.2237907306213317
332,0,166,0.000199377106553034,0.0,0.2237907306213317
333,0,167,5.165015607805832e-05,0.0,0.3059434662349052
334,0,167,5.165015607805832e-05,0.0,0.3059434662349052
335,0,168,0.0023647526833733977,0.0,0.11134918205625277
336,0,168,0.0023647526833733977,0.0,0.11134918205625277
337,0,169,1.8034693865723698e-05,0.0,0.39125514403292183
338,0,169,1.8034693865723698e-05,0.0,0.39125514403292183
339,0,170,4.086678813356281e-05,0.0,0.32362258953168044
340,0,170,4.086678813356281e-05,0.0,0.32362258953168044
341,0,171,6.0246590837744654e-05,0.0,0.2977467449234298
342,0,171,6.0246590837744654e-05,0.0,0.2977467449234298
343,0,172,4.495701291092941e-05,0.0,0.3208333333333333
344,0,172,4.495701291092941e-05,0.0,0.3208333333333333
345,0,173,3.9015998405818e-05,0.0,0.3538815878607235
346,0,173,3.9015998405818e-05,0.0,0.3538815878607235
347,0,174,0.0016867351091720988,0.0,0.14784456587735276
348,0,174,0.0016867351091720988,0.0,0.14784456587735276
349,0,175,0.0032039064597721317,0.0,0.11570247933884298
350,0,175,0.0032039064597721317,0.0,0.11570247933884298
351,0,176,3.77811282213175e-05,0.0,0.31666666666666665
352,0,176,3.77811282213175e-05,0.0,0.31666666666666665
353,0,177,0.00075923461413009,0.0,0.1534779614325069
354,0,177,0.00075923461413009,0.0,0.1534779614325069
355,0,178,3.118535098560548e-05,0.0,0.3334575260804769
356,0,178,3.118535098560548e-05,0.0,0.3334575260804769
357,0,179,0.0001686445220359402,0.0,0.21990358126721765
358,0,179,0.0001686445220359402,0.0,0.21990358126721765
359,0,180,3.949040077186142e-05,0.0,0.38263785394932937
360,0,180,3.949040077186142e-05,0.0,0.38263785394932937
361,0,181,2.7854798940622642e-05,0.0,0.3954218106995885
362,0,181,2.7854798940622642e-05,0.0,0.3954218106995885
363,0,182,3.444560671366892e-05,0.0,0.33884297520661155
364,0,182,3.444560671366892e-05,0.0,0.33884297520661155
365,0,183,0.00010829043334827184,0.0,0.2583333333333333
366,0,183,0.00010829043334827184,0.0,0.2583333333333333
367,0,184,0.0019484486581244284,0.0,0.11112992819401166
368,0,184,0.0019484486581244284,0.0,0.11112992819401166
369,0,185,0.0003134510225069053,0.0,0.18009259259259258
370,0,185,0.0003134510225069053,0.0,0.18009259259259258
371,0,186,3.4280104687689694e-05,0.0,0.28920765027322404
372,0,186,3.4280104687689694e-05,0.0,0.28920765027322404
373,0,187,6.666745714056064e-05,0.0,0.28248818147808047
374,0,187,6.666745714056064e-05,0.0,0.28248818147808047
375,0,188,1.764611814623085e-08,0.0,0.8962809917355372
376,0,188,1.764611814623085e-08,0.0,0.8962809917355372
377,0,189,5.9942001466977865e-09,0.0,0.9259585422029535
378,0,189,5.9942001466977865e-09,0.0,0.9259585422029535
379,0,190,3.277193352070468e-10,0.0,0.9876710472835659
380,0,190,3.277193352070468e-10,0.0,0.9876710472835659
381,0,191,9.209945031480601e-10,0.0,0.9834022038567494
382,0,191,9.209945031480601e-10,0.0,0.9834022038567494
383,0,192,3.0558989933111045e-07,0.0,0.9092779648335203
384,0,192,3.0558989933111045e-07,0.0,0.9092779648335203
385,0,193,3.3558363548951597e-06,0.0,0.566999965989865
386,0,193,3.3558363548951597e-06,0.0,0.566999965989865
387,0,194,1.0384023939588515e-07,0.0,0.875
388,0,194,1.0384023939588515e-07,0.0,0.875
389,0,195,1.0403146206173197e-08,0.0,0.9333333333333333
390,0,195,1.0403146206173197e-08,0.0,0.9333333333333333
391,0,196,4.1527843190434565e-08,0.0,0.823045267489712
392,0,196,4.1527843190434565e-08,0.0,0.823045267489712
393,0,197,5.7395099176621934e-08,0.0,0.8291666666666666
394,0,197,5.7395099176621934e-08,0.0,0.8291666666666666
395,0,198,5.922275398860711e-08,0.0,0.8305785123966942
396,0,199,2.0630669833979376e-07,0.0,0.7180096418732782
397,0,199,2.0630669833979376e-07,0.0,0.7180096418732782
398,0,198,5.922275398860711e-08,0.0,0.8305785123966942
399,0,200,2.8909760038956718e-08,0.0,0.91284435261708
400,0,200,2.8909760038956718e-08,0.0,0.91284435261708
401,0,201,5.152093623310086e-09,0.0,0.9588470396965181
402,0,202,1.4844950535240286e-10,0.0,0.9916666666666667
403,0,201,5.152093623310086e-09,0.0,0.9588470396965181
404,0,202,1.4844950535240286e-10,0.0,0.9916666666666667
405,0,203,8.912146783760977e-10,0.0,0.962637741046832
406,0,204,9.395194955029105e-08,0.0,0.8636363636363636
407,0,204,9.395194955029105e-08,0.0,0.8636363636363636
408,0,205,5.063121987192514e-10,0.0,0.9875
409,0,205,5.063121987192514e-10,0.0,0.9875
410,0,203,8.912146783760977e-10,0.0,0.962637741046832
411,0,206,6.931786077998241e-08,0.0,0.8524590163934427
412,0,206,6.931786077998241e-08,0.0,0.8524590163934427
413,0,207,3.5984873544761086e-07,0.0,0.7685950413223142
414,0,207,3.5984873544761086e-07,0.0,0.7685950413223142
415,0,208,6.841118855176037e-09,0.0,0.9834362139917695
416,0,209,1.2541973887360461e-08,0.0,0.9214876033057852
417,0,209,1.2541973887360461e-08,0.0,0.9214876033057852
418,0,208,6.841118855176037e-09,0.0,0.9834362139917695
419,0,210,2.0017562262326873e-09,0.0,0.9629792711014767
420,0,210,2.0017562262326873e-09,0.0,0.9629792711014767
421,0,211,2.5642099713939333e-08,0.0,0.9377572016460904
422,0,212,2.191833085682526e-08,0.0,0.9177279501422572
423,0,212,2.191833085682526e-08,0.0,0.9177279501422572
424,0,211,2.5642099713939333e-08,0.0,0.9377572016460904
425,0,213,1.7852723866018822e-08,0.0,0.9751033057851239
426,0,213,1.7852723866018822e-08,0.0,0.9751033057851239
427,0,214,3.952325188953947e-09,0.0,0.9543732782369146
428,0,215,2.3878063406544943e-09,0.0,0.9625
429,0,215,2.3878063406544943e-09,0.0,0.9625
430,0,214,3.952325188953947e-09,0.0,0.9543732782369146
431,0,216,1.740691676870669e-09,0.0,0.9543388429752067
432,0,216,1.740691676870669e-09,0.0,0.9543388429752067
433,0,217,3.13988352110707e-07,0.0,0.7447500338707492
434,0,217,3.13988352110707e-07,0.0,0.7447500338707492
435,0,218,5.907132747717395e-10,0.0,0.9752066115702479
436,0,218,5.907132747717395e-10,0.0,0.9752066115702479
437,0,219,3.7491821367302135e-08,0.0,0.8925619834710743
438,0,219,3.7491821367302135e-08,0.0,0.8925619834710743
439,0,220,4.6970621990337124e-08,0.0,0.8237704918032787
440,0,220,4.6970621990337124e-08,0.0,0.8237704918032787
441,0,221,1.123212887501573e-07,0.0,0.9047839506172839
442,0,221,1.123212887501573e-07,0.0,0.9047839506172839
443,0,222,3.487244453220868e-08,0.0,0.8436187508467687
444,0,222,3.487244453220868e-08,0.0,0.8436187508467687
445,0,223,1.6704363297975234e-09,0.0,0.9586776859504132
446,0,223,1.6704363297975234e-09,0.0,0.9586776859504132
447,0,224,1.952667921469905e-07,0.0,0.7644628099173554
448,0,224,1.952667921469905e-07,0.0,0.7644628099173554
449,0,225,2.7990475353952323e-09,0.0,0.9629792711014767
450,0,225,2.7990475353952323e-09,0.0,0.9629792711014767
451,0,226,9.396862618036266e-08,0.0,0.8305785123966942
452,0,226,9.396862618036266e-08,0.0,0.8305785123966942
453,0,227,3.4128727388041485e-09,0.0,0.9381525694657007
454,0,227,3.4128727388041485e-09,0.0,0.9381525694657007
455,0,228,2.071364297728667e-08,0.0,0.8967213114754098
456,0,228,2.071364297728667e-08,0.0,0.8967213114754098
457,0,229,1.57775169571366e-09,0.0,0.9585055096418733
458,0,229,1.57775169571366e-09,0.0,0.9585055096418733
459,0,230,3.6346149851403224e-09,0.0,0.9668044077134986
460,0,230,3.6346149851403224e-09,0.0,0.9668044077134986
461,0,231,1.4691099525506662e-10,0.0,0.9876366120218579
462,0,231,1.4691099525506662e-10,0.0,0.9876366120218579
463,0,232,1.751732109748484e-07,0.0,0.7805041152263374
464,0,232,1.751732109748484e-07,0.0,0.7805041152263374
465,0,233,2.640978940263979e-08,0.0,0.9137489037306887
466,0,234,2.268247332897888e-07,0.0,0.8429012345679012
467,0,233,2.640978940263979e-08,0.0,0.9137489037306887
468,0,234,2.268247332897888e-07,0.0,0.8429012345679012
469,0,235,1.1012041054888622e-06,0.0,0.6363636363636364
470,0,235,1.1012041054888622e-06,0.0,0.6363636363636364
471,0,236,2.6814333836518064e-08,0.0,0.8306010928961749
472,0,236,2.6814333836518064e-08,0.0,0.8306010928961749
473,0,237,1.5596599042698463e-08,0.0,0.8925619834710743
474,0,237,1.5596599042698463e-08,0.0,0.8925619834710743
475,0,238,3.7423300117030355e-09,0.0,0.9381525694657007
476,0,238,3.7423300117030355e-09,0.0,0.9381525694657007
477,0,239,5.632420028879349e-09,0.0,0.9294077134986225
478,0,239,5.632420028879349e-09,0.0,0.9294077134986225
479,0,240,3.9475225467062785e-08,0.0,0.9173553719008265
480,0,240,3.9475225467062785e-08,0.0,0.9173553719008265
481,0,241,1.0221144317806432e-07,0.0,0.8505853994490358
482,0,241,1.0221144317806432e-07,0.0,0.8505853994490358
483,0,242,4.1920464343902677e-10,0.0,0.9585905349794239
484,0,242,4.1920464343902677e-10,0.0,0.9585905349794239
485,0,243,7.72423745431391e-08,0.0,0.75
486,0,243,7.72423745431391e-08,0.0,0.75
487,0,244,5.445445277517569e-07,0.0,0.6831391410377998
488,0,244,5.445445277517569e-07,0.0,0.6831391410377998
489,0,245,1.0206936664589456e-07,0.0,0.7979457878447778
490,0,245,1.0206936664589456e-07,0.0,0.7979457878447778
491,0,246,8.551444267686594e-10,0.0,0.9584710743801652
492,0,246,8.551444267686594e-10,0.0,0.9584710743801652
493,0,247,6.688381603972436e-08,0.0,0.8144066931945719
494,0,247,6.688381603972436e-08,0.0,0.8144066931945719
495,0,248,5.633493945404047e-08,0.0,0.8724427584338166
496,0,248,5.633493945404047e-08,0.0,0.8724427584338166
497,0,249,1.2338382527116795e-07,0.0,0.9221311475409837
498,0,249,1.2338382527116795e-07,0.0,0.9221311475409837
499,0,250,8.442831974119968e-09,0.0,0.946484216230863
500,0,250,8.442831974119968e-09,0.0,0.946484216230863
501,0,251,7.539467326884116e-08,0.0,0.8848055818994716
502,0,251,7.539467326884116e-08,0.0,0.8848055818994716
503,0,252,1.0441125331457868e-09,0.0,0.9751543209876543
504,0,252,1.0441125331457868e-09,0.0,0.9751543209876543
505,0,253,1.9049671331573707e-07,0.0,0.7535755245227012
506,0,253,1.9049671331573707e-07,0.0,0.7535755245227012
507,0,254,5.966692144202248e-07,0.0,0.6460905349794239
508,0,254,5.966692144202248e-07,0.0,0.6460905349794239
509,0,255,1.8426198866341796e-07,0.0,0.7396694214876034
510,0,255,1.8426198866341796e-07,0.0,0.7396694214876034
511,0,256,9.438576113947666e-09,0.0,0.8758744855967078
512,0,256,9.438576113947666e-09,0.0,0.8758744855967078
513,0,257,2.3313353825730156e-08,0.0,0.9045798898071625
514,0,257,2.3313353825730156e-08,0.0,0.9045798898071625
515,0,258,1.548596236370481e-08,0.0,0.8879820936639119
516,0,258,1.548596236370481e-08,0.0,0.8879820936639119
517,0,259,4.356472163112987e-08,0.0,0.9291666666666667
518,0,259,4.356472163112987e-08,0.0,0.9291666666666667
519,0,260,4.728011278677948e-08,0.0,0.8844262295081967
520,0,260,4.728011278677948e-08,0.0,0.8844262295081967
521,0,261,5.061221242236141e-09,0.0,0.9461934156378601
522,0,261,5.061221242236141e-09,0.0,0.9461934156378601
523,0,262,8.171250304628042e-08,0.0,0.8719262295081966
524,0,262,8.171250304628042e-08,0.0,0.8719262295081966
525,0,263,9.858065179153148e-07,0.0,0.6016494636713217
526,0,263,9.858065179153148e-07,0.0,0.6016494636713217
527,0,264,3.914192119176074e-07,0.0,0.7666666666666666
528,0,264,3.914192119176074e-07,0.0,0.7666666666666666
529,0,265,9.523666465385693e-10,0.0,0.9506172839506173
530,0,265,9.523666465385693e-10,0.0,0.9506172839506173
531,0,266,1.224496384267714e-07,0.0,0.7519808743169398
532,0,266,1.224496384267714e-07,0.0,0.7519808743169398
533,0,267,1.2504103603403885e-07,0.0,0.7896813250348604
534,0,267,1.2504103603403885e-07,0.0,0.7896813250348604
535,0,268,1.6648913128264802e-09,0.0,0.9586776859504132
536,0,268,1.6648913128264802e-09,0.0,0.9586776859504132
537,0,269,5.441587371200806e-09,0.0,0.9421487603305785
538,0,269,5.441587371200806e-09,0.0,0.9421487603305785
539,0,270,9.261154434544001e-09,0.0,0.8884297520661157
540,0,270,9.261154434544001e-09,0.0,0.8884297520661157
541,0,271,6.126157379233302e-08,0.0,0.7979457878447778
542,0,271,6.126157379233302e-08,0.0,0.7979457878447778
543,0,272,1.613564138720808e-07,0.0,0.7407532854626744
544,0,272,1.613564138720808e-07,0.0,0.7407532854626744
545,0,273,1.3194990997456913e-05,0.0,0.4239940387481371
546,0,273,1.3194990997456913e-05,0.0,0.4239940387481371
547,0,274,6.065061931598581e-07,0.0,0.709538567493113
548,0,274,6.065061931598581e-07,0.0,0.709538567493113
549,0,275,1.247165766124536e-06,0.0,0.6412610958065503
550,0,275,1.247165766124536e-06,0.0,0.6412610958065503
551,0,276,2.8746895762666244e-07,0.0,0.7148224043715847
552,0,276,2.8746895762666244e-07,0.0,0.7148224043715847
553,0,277,9.191131182350496e-08,0.0,0.7737772659531229
554,0,277,9.191131182350496e-08,0.0,0.7737772659531229
555,0,278,1.8314295140804198e-09,0.0,0.9460743801652892
556,0,278,1.8314295140804198e-09,0.0,0.9460743801652892
557,0,279,2.6690363857548965e-07,0.0,0.8132920110192837
558,0,279,2.6690363857548965e-07,0.0,0.8132920110192837
559,0,280,2.2112096067271427e-08,0.0,0.8515627657041799
560,0,280,2.2112096067271427e-08,0.0,0.8515627657041799
561,0,281,7.983253387630855e-08,0.0,0.7443288099853757
562,0,281,7.983253387630855e-08,0.0,0.7443288099853757
563,0,282,1.910036290266291e-07,0.0,0.7053030303030303
564,0,282,1.910036290266291e-07,0.0,0.7053030303030303
565,0,283,3.5270936620053157e-07,0.0,0.6625514403292181
566,0,283,3.5270936620053157e-07,0.0,0.6625514403292181
567,0,284,8.303268450706494e-08,0.0,0.7644808743169399
568,0,284,8.303268450706494e-08,0.0,0.7644808743169399
569,0,285,7.471883847024945e-09,0.0,0.9255144032921812
570,0,285,7.471883847024945e-09,0.0,0.9255144032921812
571,0,286,7.82451716130944e-08,0.0,0.8316130337988261
572,0,286,7.82451716130944e-08,0.0,0.8316130337988261
573,0,287,3.4901279318761304e-08,0.0,0.8553719008264463
574,0,287,3.4901279318761304e-08,0.0,0.8553719008264463
575,0,288,2.275046198462048e-08,0.0,0.8713498622589532
576,0,288,2.275046198462048e-08,0.0,0.8713498622589532
577,0,289,8.387256420875984e-08,0.0,0.7731864095500459
578,0,289,8.387256420875984e-08,0.0,0.7731864095500459
579,0,290,3.70574055297677e-07,0.0,0.6791666666666667
580,0,290,3.70574055297677e-07,0.0,0.6791666666666667
581,0,291,9.725321158382946e-06,0.0,0.371900826446281
582,0,291,9.725321158382946e-06,0.0,0.371900826446281
583,0,292,5.422865979679764e-08,0.0,0.8559670781893005
584,0,292,5.422865979679764e-08,0.0,0.8559670781893005
585,0,293,9.179619146382685e-07,0.0,0.6214943774556293
586,0,293,9.179619146382685e-07,0.0,0.6214943774556293
587,0,294,1.904575185198903e-08,0.0,0.8553961748633879
588,0,294,1.904575185198903e-08,0.0,0.8553961748633879
589,0,295,1.097124732495026e-08,0.0,0.8556609869741183
590,0,295,1.097124732495026e-08,0.0,0.8556609869741183
591,0,296,1.0868493873345858e-07,0.0,0.7810109289617486
592,0,296,1.0868493873345858e-07,0.0,0.7810109289617486
593,0,297,8.716260402487711e-08,0.0,0.7901029670776318
594,0,297,8.716260402487711e-08,0.0,0.7901029670776318
595,0,298,7.755073880627588e-09,0.0,0.9215163934426229
596,0,298,7.755073880627588e-09,0.0,0.9215163934426229
597,0,299,2.582024959711867e-09,0.0,0.9587627112879638
598,0,299,2.582024959711867e-09,0.0,0.9587627112879638
599,0,300,6.360187841023814e-06,0.0,0.4375
600,0,300,6.360187841023814e-06,0.0,0.4375
601,0,301,4.838745935748107e-07,0.0,0.743801652892562
602,0,301,4.838745935748107e-07,0.0,0.743801652892562
603,0,302,3.911508549520836e-06,0.0,0.5041666666666667
604,0,302,3.911508549520836e-06,0.0,0.5041666666666667
605,0,303,5.656748699807547e-07,0.0,0.7030915212733395
606,0,303,5.656748699807547e-07,0.0,0.7030915212733395
607,0,304,4.00196011172637e-08,0.0,0.831275720164609
608,0,304,4.00196011172637e-08,0.0,0.831275720164609
609,0,305,2.8369338433505542e-08,0.0,0.7983674298875492
610,0,305,2.8369338433505542e-08,0.0,0.7983674298875492
611,0,306,1.0624577555076203e-08,0.0,0.9176954732510288
612,0,306,1.0624577555076203e-08,0.0,0.9176954732510288
613,0,307,2.4650859080034934e-08,0.0,0.8804203652688501
614,0,307,2.4650859080034934e-08,0.0,0.8804203652688501
615,0,308,1.2008496754367248e-07,0.0,0.8340564738292011
616,0,308,1.2008496754367248e-07,0.0,0.8340564738292011
617,0,309,1.96818124343406e-05,0.0,0.3662105405771575
618,0,309,1.96818124343406e-05,0.0,0.3662105405771575
619,0,310,5.921176169811464e-06,0.0,0.4404890936187509
620,0,310,5.921176169811464e-06,0.0,0.4404890936187509
621,0,311,7.283275413186687e-05,0.0,0.39920065031838503
622,0,311,7.283275413186687e-05,0.0,0.39920065031838503
623,0,312,4.5591124692570217e-07,0.0,0.6434426229508197
624,0,312,4.5591124692570217e-07,0.0,0.6434426229508197
625,0,313,9.17995539897948e-06,0.0,0.46521474055006096
626,0,313,9.17995539897948e-06,0.0,0.46521474055006096
627,0,314,9.103594757539369e-07,0.0,0.6057478243270593
628,0,314,9.103594757539369e-07,0.0,0.6057478243270593
629,0,315,9.04065441273861e-07,0.0,0.7154882154882155
630,0,315,9.04065441273861e-07,0.0,0.7154882154882155
631,0,316,2.6863115972125513e-08,0.0,0.8506198347107439
632,0,316,2.6863115972125513e-08,0.0,0.8506198347107439
633,0,317,3.6329155125111285e-07,0.0,0.7289516292248532
634,0,317,3.6329155125111285e-07,0.0,0.7289516292248532
635,0,318,5.573122376871977e-07,0.0,0.7041666666666666
636,0,318,5.573122376871977e-07,0.0,0.7041666666666666
637,0,319,1.293018456599972e-07,0.0,0.7195864367581539
638,0,319,1.293018456599972e-07,0.0,0.7195864367581539
639,0,320,1.2555041932824511e-06,0.0,0.6190329218106996
640,0,320,1.2555041932824511e-06,0.0,0.6190329218106996
641,0,321,4.493097759291972e-06,0.0,0.5298779036152774
642,0,321,4.493097759291972e-06,0.0,0.5298779036152774
643,0,322,2.726919040119531e-07,0.0,0.6541666666666667
644,0,322,2.726919040119531e-07,0.0,0.6541666666666667
645,0,323,4.289928234795516e-08,0.0,0.7768595041322315
646,0,323,4.289928234795516e-08,0.0,0.7768595041322315
647,0,324,1.3065030751824265e-07,0.0,0.7479338842975207
648,0,324,1.3065030751824265e-07,0.0,0.7479338842975207
649,0,325,2.965718477259115e-08,0.0,0.8712809917355372
650,0,325,2.965718477259115e-08,0.0,0.8712809917355372
651,0,326,4.136527370442191e-08,0.0,0.8174931129476584
652,0,326,4.136527370442191e-08,0.0,0.8174931129476584
653,0,327,1.8501449724020967e-06,0.0,0.697107438016529
654,0,327,1.8501449724020967e-06,0.0,0.697107438016529
655,0,328,4.007045875878258e-09,0.0,0.9300569028586912
656,0,328,4.007045875878258e-09,0.0,0.9300569028586912
657,0,329,2.0734324089086535e-06,0.0,0.6453423120089787
658,0,329,2.0734324089086535e-06,0.0,0.6453423120089787
659,0,330,7.958160718780543e-07,0.0,0.6646090534979423
660,0,330,7.958160718780543e-07,0.0,0.6646090534979423
661,0,331,4.700743695358948e-06,0.0,0.4743304324360791
662,0,331,4.700743695358948e-06,0.0,0.4743304324360791
663,0,332,3.731290196392649e-06,0.0,0.506198347107438
664,0,332,3.731290196392649e-06,0.0,0.506198347107438
665,0,333,2.2729011907756418e-06,0.0,0.628099173553719
666,0,333,2.2729011907756418e-06,0.0,0.628099173553719
667,0,334,2.971292327465815e-08,0.0,0.8260288065843622
668,0,334,2.971292327465815e-08,0.0,0.8260288065843622
669,0,335,1.290646699815751e-07,0.0,0.7443288099853757
670,0,335,1.290646699815751e-07,0.0,0.7443288099853757
671,0,336,2.5493143957010087e-07,0.0,0.7042771368818728
672,0,336,2.5493143957010087e-07,0.0,0.7042771368818728
673,0,337,1.356865085584909e-06,0.0,0.6742509267761794
674,0,337,1.356865085584909e-06,0.0,0.6742509267761794
675,0,338,7.204142822148209e-06,0.0,0.5308195592286501
676,0,338,7.204142822148209e-06,0.0,0.5308195592286501
677,0,339,4.958003782663078e-07,0.0,0.6583333333333333
678,0,339,4.958003782663078e-07,0.0,0.6583333333333333
679,0,340,3.7255570354939223e-06,0.0,0.5018967619563746
680,0,340,3.7255570354939223e-06,0.0,0.5018967619563746
681,0,341,6.95223274985229e-05,0.0,0.275
682,0,341,6.95223274985229e-05,0.0,0.275
683,0,342,1.677539820983757e-05,0.0,0.4483809781872375
684,0,342,1.677539820983757e-05,0.0,0.4483809781872375
685,0,343,3.191730748457824e-07,0.0,0.7012052341597796
686,0,343,3.191730748457824e-07,0.0,0.7012052341597796
687,0,344,1.3802874733501956e-07,0.0,0.7773186409550046
688,0,344,1.3802874733501956e-07,0.0,0.7773186409550046
689,0,345,6.338796500092515e-06,0.0,0.5102289662647338
690,0,345,6.338796500092515e-06,0.0,0.5102289662647338
691,0,346,5.663932627627052e-07,0.0,0.6872427983539094
692,0,346,5.663932627627052e-07,0.0,0.6872427983539094
693,0,347,4.1919277014000404e-07,0.0,0.6461522828884976
694,0,347,4.1919277014000404e-07,0.0,0.6461522828884976
695,0,348,3.984284384235377e-07,0.0,0.7333333333333334
696,0,348,3.984284384235377e-07,0.0,0.7333333333333334
697,0,349,8.409570706788895e-06,0.0,0.5
698,0,349,8.409570706788895e-06,0.0,0.5
699,0,350,2.8414349313141215e-06,0.0,0.5932851239669421
700,0,350,2.8414349313141215e-06,0.0,0.5932851239669421
701,0,351,4.11858156476561e-06,0.0,0.5298949086827875
702,0,351,4.11858156476561e-06,0.0,0.5298949086827875
703,0,352,0.00020967742196997542,0.0,0.2190082644628099
704,0,352,0.00020967742196997542,0.0,0.2190082644628099
705,0,353,1.361414264252047e-07,0.0,0.7120986316217315
706,0,353,1.361414264252047e-07,0.0,0.7120986316217315
707,0,354,6.984806339061453e-07,0.0,0.7479338842975207
708,0,354,6.984806339061453e-07,0.0,0.7479338842975207
709,0,355,1.2222646964770733e-06,0.0,0.5991735537190083
710,0,355,1.2222646964770733e-06,0.0,0.5991735537190083
711,0,356,8.900140514526032e-07,0.0,0.8723750169353746
712,0,356,8.900140514526032e-07,0.0,0.8723750169353746
713,0,357,1.0083855964662843e-07,0.0,0.771831955922865
714,0,357,1.0083855964662843e-07,0.0,0.771831955922865
715,0,358,6.96571715611159e-06,0.0,0.4423497267759563
716,0,358,6.96571715611159e-06,0.0,0.4423497267759563
717,0,359,4.507520053554319e-05,0.0,0.3058743169398907
718,0,359,4.507520053554319e-05,0.0,0.3058743169398907
719,0,360,0.00011576622179210545,0.0,0.2716095380029806
720,0,360,0.00011576622179210545,0.0,0.2716095380029806
721,0,361,0.0001241123898498381,0.0,0.29049586776859504
722,0,362,7.954643509378282e-07,0.0,0.6472451790633609
723,0,362,7.954643509378282e-07,0.0,0.6472451790633609
724,0,361,0.0001241123898498381,0.0,0.29049586776859504
725,0,363,5.461936073514708e-07,0.0,0.6666440861671861
726,0,363,5.461936073514708e-07,0.0,0.6666440861671861
727,0,364,3.2061475074814157e-07,0.0,0.6942148760330579
728,0,364,3.2061475074814157e-07,0.0,0.6942148760330579
729,0,365,2.6472689155989318e-08,0.0,0.8395203901910311
730,0,365,2.6472689155989318e-08,0.0,0.8395203901910311
731,0,366,1.9950377570328368e-08,0.0,0.827157566725376
732,0,366,1.9950377570328368e-08,0.0,0.827157566725376
733,0,367,6.813975547915602e-07,0.0,0.6058884297520661
734,0,368,6.073745783548931e-05,0.0,0.44628099173553715
735,0,368,6.073745783548931e-05,0.0,0.44628099173553715
736,0,367,6.813975547915602e-07,0.0,0.6058884297520661
737,0,369,1.6985635989523392e-05,0.0,0.45792012413141736
738,0,369,1.6985635989523392e-05,0.0,0.45792012413141736
739,0,370,6.159403484749648e-06,0.0,0.4741255144032922
740,0,371,2.1429375718394924e-05,0.0,0.35
741,0,371,2.1429375718394924e-05,0.0,0.35
742,0,370,6.159403484749648e-06,0.0,0.4741255144032922
743,0,372,1.0525198588447645e-06,0.0,0.5825819672131147
744,0,372,1.0525198588447645e-06,0.0,0.5825819672131147
745,0,373,4.811033385411432e-07,0.0,0.6487704918032787
746,0,373,4.811033385411432e-07,0.0,0.6487704918032787
747,0,374,4.074233666371014e-05,0.0,0.2946280991735537
748,0,375,6.439720465550551e-07,0.0,0.618076637657694
749,0,375,6.439720465550551e-07,0.0,0.618076637657694
750,0,374,4.074233666371014e-05,0.0,0.2946280991735537
751,0,376,2.529071414289517e-05,0.0,0.39827823691460057
752,0,376,2.529071414289517e-05,0.0,0.39827823691460057
753,0,377,3.3983852984855423e-07,0.0,0.720738042231667
754,0,377,3.3983852984855423e-07,0.0,0.720738042231667
755,0,378,7.427748841033203e-07,0.0,0.6618542325613033
756,0,378,7.427748841033203e-07,0.0,0.6618542325613033
757,0,379,9.591641678801811e-06,0.0,0.4650115160547351
758,0,380,0.00021238390492118892,0.0,0.2484314916008905
759,0,379,9.591641678801811e-06,0.0,0.4650115160547351
760,0,380,0.00021238390492118892,0.0,0.2484314916008905
761,0,381,0.00012629728370000705,0.0,0.31265432098765433
762,0,381,0.00012629728370000705,0.0,0.31265432098765433
763,0,382,3.085146223865841e-06,0.0,0.6049315810865736
764,0,382,3.085146223865841e-06,0.0,0.6049315810865736
765,0,383,0.0001906130802798583,0.0,0.29886363636363633
766,0,384,1.2471171827369536e-06,0.0,0.5893543817041085
767,0,384,1.2471171827369536e-06,0.0,0.5893543817041085
768,0,383,0.0001906130802798583,0.0,0.29886363636363633
769,0,385,0.00015858638596534096,0.0,0.24793388429752067
770,0,385,0.00015858638596534096,0.0,0.24793388429752067
771,0,386,9.285655367724225e-07,0.0,0.6583457526080476
772,0,386,9.285655367724225e-07,0.0,0.6583457526080476
773,0,387,8.809639033405302e-05,0.0,0.4605716253443526
774,0,388,3.0940757843068924e-05,0.0,0.36775956284153005
775,0,388,3.0940757843068924e-05,0.0,0.36775956284153005
776,0,389,4.799636355925224e-07,0.0,0.6555096418732782
777,0,387,8.809639033405302e-05,0.0,0.4605716253443526
778,0,389,4.799636355925224e-07,0.0,0.6555096418732782
779,0,390,6.477561031816402e-07,0.0,0.6371288644015917
780,0,390,6.477561031816402e-07,0.0,0.6371288644015917
781,0,391,5.075507196484427e-07,0.0,0.6626134670098902
782,0,392,5.950174541409312e-07,0.0,0.7541666666666667
783,0,391,5.075507196484427e-07,0.0,0.6626134670098902
784,0,392,5.950174541409312e-07,0.0,0.7541666666666667
785,0,393,1.2531894806426724e-05,0.0,0.4244341563786008
786,0,393,1.2531894806426724e-05,0.0,0.4244341563786008
787,0,394,1.098781406307512e-05,0.0,0.6371628745366119
788,0,394,1.098781406307512e-05,0.0,0.6371628745366119
789,0,395,2.151571018331092e-07,0.0,0.8221994535519126
790,0,395,2.151571018331092e-07,0.0,0.8221994535519126
791,0,396,1.665029679127797e-08,0.0,0.8838154269972451
792,0,396,1.665029679127797e-08,0.0,0.8838154269972451
793,0,397,2.378732029866726e-07,0.0,0.7489161360249288
794,0,397,2.378732029866726e-07,0.0,0.7489161360249288
795,0,398,4.434717008330444e-08,0.0,0.8433323130292827
796,0,398,4.434717008330444e-08,0.0,0.8433323130292827
797,0,399,3.420613843310269e-08,0.0,0.8636363636363636
798,0,399,3.420613843310269e-08,0.0,0.8636363636363636
799,0,400,9.656252755428534e-08,0.0,0.7479338842975207
800,0,401,1.9491034706410796e-07,0.0,0.7196204468931742
801,0,400,9.656252755428534e-08,0.0,0.7479338842975207
802,0,401,1.9491034706410796e-07,0.0,0.7196204468931742
803,0,402,2.086516660759236e-07,0.0,0.7148907103825137
804,0,403,2.5752353140757975e-07,0.0,0.6722796143250689
805,0,402,2.086516660759236e-07,0.0,0.7148907103825137
806,0,403,2.5752353140757975e-07,0.0,0.6722796143250689
807,0,404,7.494017963711686e-09,0.0,0.9045454545454545
808,0,405,9.638467983997467e-07,0.0,0.6239669421487604
809,0,405,9.638467983997467e-07,0.0,0.6239669421487604
810,0,404,7.494017963711686e-09,0.0,0.9045454545454545
811,0,406,1.4110666545094996e-08,0.0,0.9010245901639344
812,0,406,1.4110666545094996e-08,0.0,0.9010245901639344
813,0,407,4.092053712163138e-07,0.0,0.6755886122917087
814,0,407,4.092053712163138e-07,0.0,0.6755886122917087
815,0,408,2.5884923642547116e-07,0.0,0.8143216678570214
816,0,408,2.5884923642547116e-07,0.0,0.8143216678570214
817,0,409,8.784876191706746e-07,0.0,0.6348829201101929
818,0,409,8.784876191706746e-07,0.0,0.6348829201101929
819,0,410,8.347635091532817e-06,0.0,0.4474373363262252
820,0,410,8.347635091532817e-06,0.0,0.4474373363262252
821,0,411,4.316006811910066e-08,0.0,0.8181010928961749
822,0,411,4.316006811910066e-08,0.0,0.8181010928961749
823,0,412,9.078189290814534e-07,0.0,0.5916666666666666
824,0,412,9.078189290814534e-07,0.0,0.5916666666666666
825,0,413,5.929934088639675e-08,0.0,0.8264344262295082
826,0,413,5.929934088639675e-08,0.0,0.8264344262295082
827,0,414,5.313100697805596e-08,0.0,0.8845355916062987
828,0,414,5.313100697805596e-08,0.0,0.8845355916062987
829,0,415,2.8513458976066147e-08,0.0,0.8354220295352933
830,0,415,2.8513458976066147e-08,0.0,0.8354220295352933
831,0,416,1.7180957847863162e-07,0.0,0.7842286501377411
832,0,416,1.7180957847863162e-07,0.0,0.7842286501377411
833,0,417,4.6253383713601624e-08,0.0,0.7727272727272727
834,0,417,4.6253383713601624e-08,0.0,0.7727272727272727
835,0,418,1.100833099805805e-05,0.0,0.4133879781420765
836,0,418,1.100833099805805e-05,0.0,0.4133879781420765
837,0,419,5.316530452307918e-06,0.0,0.481301652892562
838,0,419,5.316530452307918e-06,0.0,0.481301652892562
839,0,420,1.2058216802865426e-06,0.0,0.6304223166700398
840,0,420,1.2058216802865426e-06,0.0,0.6304223166700398
841,0,421,3.6214724850193657e-06,0.0,0.49685406251062814
842,0,421,3.6214724850193657e-06,0.0,0.49685406251062814
843,0,422,1.9238923181185123e-07,0.0,0.7072407577458083
844,0,422,1.9238923181185123e-07,0.0,0.7072407577458083
845,0,423,8.899694823164854e-07,0.0,0.6598829201101928
846,0,423,8.899694823164854e-07,0.0,0.6598829201101928
847,0,424,6.791413595569715e-09,0.0,0.9300569028586912
848,0,424,6.791413595569715e-09,0.0,0.9300569028586912
849,0,425,1.5531981016423294e-08,0.0,0.8595628415300547
850,0,425,1.5531981016423294e-08,0.0,0.8595628415300547
851,0,426,6.958552040592834e-08,0.0,0.8181693989071038
852,0,426,6.958552040592834e-08,0.0,0.8181693989071038
853,0,427,1.117867192710204e-06,0.0,0.6266184573002755
854,0,427,1.117867192710204e-06,0.0,0.6266184573002755
855,0,428,1.371172177335932e-05,0.0,0.384297520661157
856,0,428,1.371172177335932e-05,0.0,0.384297520661157
857,0,429,4.089362703142138e-06,0.0,0.49173553719008267
858,0,429,4.089362703142138e-06,0.0,0.49173553719008267
859,0,430,5.476161968169264e-07,0.0,0.6224173553719008
860,0,431,5.352285058852891e-07,0.0,0.6889118457300276
861,0,430,5.476161968169264e-07,0.0,0.6224173553719008
862,0,431,5.352285058852891e-07,0.0,0.6889118457300276
863,0,432,1.008885370313434e-08,0.0,0.9300569028586912
864,0,432,1.008885370313434e-08,0.0,0.9300569028586912
865,0,433,1.7162963220308935e-07,0.0,0.7509641873278237
866,0,433,1.7162963220308935e-07,0.0,0.7509641873278237
867,0,434,1.6386471523268194e-06,0.0,0.6461522828884976
868,0,434,1.6386471523268194e-06,0.0,0.6461522828884976
869,0,435,1.4783246613138281e-06,0.0,0.6494575383464272
870,0,435,1.4783246613138281e-06,0.0,0.6494575383464272
871,0,436,2.1086314626590887e-07,0.0,0.7819739872645983
872,0,436,2.1086314626590887e-07,0.0,0.7819739872645983
873,0,437,1.3834444996181472e-06,0.0,0.5761414442487467
874,0,437,1.3834444996181472e-06,0.0,0.5761414442487467
875,0,438,1.653260730109687e-06,0.0,0.6303211225797747
876,0,438,1.653260730109687e-06,0.0,0.6303211225797747
877,0,439,1.4184826136337254e-05,0.0,0.40664600550964186
878,0,439,1.4184826136337254e-05,0.0,0.40664600550964186
879,0,440,5.299123438437685e-07,0.0,0.6296910987671047
880,0,440,5.299123438437685e-07,0.0,0.6296910987671047
881,0,441,5.598325503818949e-08,0.0,0.8134297520661157
882,0,441,5.598325503818949e-08,0.0,0.8134297520661157
883,0,442,5.671034378511453e-06,0.0,0.5564831680496526
884,0,442,5.671034378511453e-06,0.0,0.5564831680496526
885,0,443,2.0137382019264444e-08,0.0,0.9090909090909091
886,0,443,2.0137382019264444e-08,0.0,0.9090909090909091
887,0,444,5.029427206561825e-08,0.0,0.7942386831275721
888,0,444,5.029427206561825e-08,0.0,0.7942386831275721
889,0,445,1.699411389501326e-06,0.0,0.6337555886736215
890,0,445,1.699411389501326e-06,0.0,0.6337555886736215
891,0,446,4.809504291438764e-07,0.0,0.5834948814746794
892,0,446,4.809504291438764e-07,0.0,0.5834948814746794
893,0,447,2.818598989972295e-06,0.0,0.5205601092896175
894,0,447,2.818598989972295e-06,0.0,0.5205601092896175
895,0,448,9.220204394040296e-06,0.0,0.4321230185611705
896,0,448,9.220204394040296e-06,0.0,0.4321230185611705
897,0,449,1.9668571460271143e-06,0.0,0.5207650273224044
898,0,449,1.9668571460271143e-06,0.0,0.5207650273224044
899,0,450,2.16012404450956e-05,0.0,0.3622942386831276
900,0,450,2.16012404450956e-05,0.0,0.3622942386831276
901,0,451,8.578853719125006e-07,0.0,0.6140840220385675
902,0,451,8.578853719125006e-07,0.0,0.6140840220385675
903,0,452,3.811929526165833e-09,0.0,0.9216746590483964
904,0,452,3.811929526165833e-09,0.0,0.9216746590483964
905,0,453,1.0447037096470584e-08,0.0,0.9041666666666667
906,0,453,1.0447037096470584e-08,0.0,0.9041666666666667
907,0,454,3.771232190284233e-09,0.0,0.9382197534209457
908,0,454,3.771232190284233e-09,0.0,0.9382197534209457
909,0,455,3.844486458206298e-07,0.0,0.7883608815426997
910,0,455,3.844486458206298e-07,0.0,0.7883608815426997
911,0,456,4.515257689577489e-05,0.0,0.36198559670781894
912,0,456,4.515257689577489e-05,0.0,0.36198559670781894
913,0,457,1.0777866443244299e-05,0.0,0.42320936639118456
914,0,457,1.0777866443244299e-05,0.0,0.42320936639118456
915,0,458,7.046229403924279e-05,0.0,0.31404958677685946
916,0,458,7.046229403924279e-05,0.0,0.31404958677685946
917,0,459,4.3384102147714546e-06,0.0,0.47520491803278686
918,0,459,4.3384102147714546e-06,0.0,0.47520491803278686
919,0,460,7.601084021718901e-06,0.0,0.4350576471788593
920,0,460,7.601084021718901e-06,0.0,0.4350576471788593
921,0,461,3.0782917058418134e-07,0.0,0.6735537190082646
922,0,461,3.0782917058418134e-07,0.0,0.6735537190082646
923,0,462,4.6267134196421227e-07,0.0,0.6370778491990614
924,0,463,4.1860798971644537e-07,0.0,0.666003469033772
925,0,462,4.6267134196421227e-07,0.0,0.6370778491990614
926,0,463,4.1860798971644537e-07,0.0,0.666003469033772
927,0,464,1.4232167992955699e-06,0.0,0.6090299417423113
928,0,464,1.4232167992955699e-06,0.0,0.6090299417423113
929,0,465,7.978335111445039e-08,0.0,0.7833333333333333
930,0,465,7.978335111445039e-08,0.0,0.7833333333333333
931,0,466,7.627475622869462e-07,0.0,0.6458333333333334
932,0,466,7.627475622869462e-07,0.0,0.6458333333333334
933,0,467,2.1669352482473246e-06,0.0,0.5371900826446281
934,0,467,2.1669352482473246e-06,0.0,0.5371900826446281
935,0,468,0.00022281871199232272,0.0,0.210724043715847
936,0,468,0.00022281871199232272,0.0,0.210724043715847
937,0,469,1.638208661522842e-05,0.0,0.4050546448087432
938,0,469,1.638208661522842e-05,0.0,0.4050546448087432
939,0,470,1.5585786699299516e-05,0.0,0.4172814207650273
940,0,470,1.5585786699299516e-05,0.0,0.4172814207650273
941,0,471,4.181966964333046e-06,0.0,0.5496584699453553
942,0,471,4.181966964333046e-06,0.0,0.5496584699453553
943,0,472,4.038974944735874e-06,0.0,0.47933884297520657
944,0,472,4.038974944735874e-06,0.0,0.47933884297520657
945,0,473,4.44558042159429e-08,0.0,0.7974726775956285
946,0,473,4.44558042159429e-08,0.0,0.7974726775956285
947,0,474,1.227416436393982e-06,0.0,0.6555440771349863
948,0,474,1.227416436393982e-06,0.0,0.6555440771349863
949,0,475,9.448546885463513e-08,0.0,0.7479508196721312
950,0,475,9.448546885463513e-08,0.0,0.7479508196721312
951,0,476,2.699625762498338e-06,0.0,0.4959016393442623
952,0,476,2.699625762498338e-06,0.0,0.4959016393442623
953,0,477,5.5149978844686766e-05,0.0,0.31272862755724157
954,0,477,5.5149978844686766e-05,0.0,0.31272862755724157
955,0,478,0.0004816624027467281,0.0,0.18107302533532044
956,0,478,0.0004816624027467281,0.0,0.18107302533532044
957,0,479,1.1510007460845628e-05,0.0,0.42101801254806714
958,0,479,1.1510007460845628e-05,0.0,0.42101801254806714
959,0,480,4.865195507296922e-06,0.0,0.5165289256198347
960,0,480,4.865195507296922e-06,0.0,0.5165289256198347
961,0,481,1.5688387298927318e-06,0.0,0.5867768595041323
962,0,481,1.5688387298927318e-06,0.0,0.5867768595041323
963,0,482,2.3701935344748118e-07,0.0,0.7625
964,0,482,2.3701935344748118e-07,0.0,0.7625
965,0,483,3.6990942736991657e-06,0.0,0.5092507567255042
966,0,483,3.6990942736991657e-06,0.0,0.5092507567255042
967,0,484,2.7622325439542904e-07,0.0,0.7663934426229508
968,0,484,2.7622325439542904e-07,0.0,0.7663934426229508
969,0,485,0.00010770357386369561,0.0,0.6347107438016528
970,0,485,0.00010770357386369561,0.0,0.6347107438016528
971,0,486,3.210308208528993e-05,0.0,0.3429752066115702
972,0,486,3.210308208528993e-05,0.0,0.3429752066115702
973,0,487,2.2607704847947175e-05,0.0,0.35272038567493114
974,0,487,2.2607704847947175e-05,0.0,0.35272038567493114
975,0,488,4.3722100009844135e-05,0.0,0.35
976,0,488,4.3722100009844135e-05,0.0,0.35
977,0,489,2.206292644783971e-05,0.0,0.3871399176954733
978,0,489,2.206292644783971e-05,0.0,0.3871399176954733
979,0,490,1.6126422343634018e-06,0.0,0.8465909090909092
980,0,490,1.6126422343634018e-06,0.0,0.8465909090909092
981,0,491,9.794984715546924e-07,0.0,0.5933539944903581
982,0,491,9.794984715546924e-07,0.0,0.5933539944903581
983,0,492,3.2356604968732747e-07,0.0,0.6948270584634222
984,0,492,3.2356604968732747e-07,0.0,0.6948270584634222
985,0,493,3.361858468911415e-06,0.0,0.5517561983471074
986,0,493,3.361858468911415e-06,0.0,0.5517561983471074
987,0,494,1.599813029180405e-05,0.0,0.5349884839452649
988,0,494,1.599813029180405e-05,0.0,0.5349884839452649
989,0,495,3.622342099795314e-05,0.0,0.3402892561983471
990,0,495,3.622342099795314e-05,0.0,0.3402892561983471
991,0,496,1.6435199512818081e-06,0.0,0.5318424070700938
992,0,496,1.6435199512818081e-06,0.0,0.5318424070700938
993,0,497,3.336546274353555e-06,0.0,0.5166666666666666
994,0,497,3.336546274353555e-06,0.0,0.5166666666666666
995,0,498,2.7446266486653912e-05,0.0,0.32231404958677684
996,0,498,2.7446266486653912e-05,0.0,0.32231404958677684
997,0,499,3.292557637735952e-06,0.0,0.5518595041322314
998,0,499,3.292557637735952e-06,0.0,0.5518595041322314
999,0,500,2.110512689796737e-06,0.0,0.5184595583254301
1000,0,500,2.110512689796737e-06,0.0,0.5184595583254301
1001,0,501,4.5661124725121317e-07,0.0,0.64809670781893
1002,0,501,4.5661124725121317e-07,0.0,0.64809670781893
1003,0,502,3.840194465734197e-06,0.0,0.5020322449532584
1004,0,502,3.840194465734197e-06,0.0,0.5020322449532584
1005,0,503,0.0005584160823593851,0.0,0.2238075963030426
1006,0,503,0.0005584160823593851,0.0,0.2238075963030426
1007,0,504,1.3248590636081504e-06,0.0,0.5643250688705235
1008,0,504,1.3248590636081504e-06,0.0,0.5643250688705235
1009,0,505,0.0005065961222781333,0.0,0.19490358126721763
1010,0,505,0.0005065961222781333,0.0,0.19490358126721763
1011,0,506,1.1211642503794581e-05,0.0,0.41976019509551554
1012,0,506,1.1211642503794581e-05,0.0,0.41976019509551554
1013,0,507,6.738182913860192e-06,0.0,0.4421487603305785
1014,0,507,6.738182913860192e-06,0.0,0.4421487603305785
1015,0,508,7.598226463351204e-06,0.0,0.4274104683195592
1016,0,508,7.598226463351204e-06,0.0,0.4274104683195592
1017,0,509,6.283721983765156e-08,0.0,0.7727272727272727
1018,0,509,6.283721983765156e-08,0.0,0.7727272727272727
1019,0,510,4.2260312851250066e-06,0.0,0.5444444444444445
1020,0,510,4.2260312851250066e-06,0.0,0.5444444444444445
1021,0,511,1.2649686224055288e-07,0.0,0.8755509641873278
1022,0,511,1.2649686224055288e-07,0.0,0.8755509641873278
1023,0,512,8.56905253258306e-07,0.0,0.587610107812128
1024,0,512,8.56905253258306e-07,0.0,0.587610107812128
1025,0,513,3.4088297792729525e-05,0.0,0.3719945355191257
1026,0,513,3.4088297792729525e-05,0.0,0.3719945355191257
1027,0,514,0.0002241917159663262,0.0,0.2024793388429752
1028,0,514,0.0002241917159663262,0.0,0.2024793388429752
1029,0,515,0.00011447353984762873,0.0,0.28775720164609053
1030,0,516,2.331305212501238e-06,0.0,0.525
1031,0,516,2.331305212501238e-06,0.0,0.525
1032,0,515,0.00011447353984762873,0.0,0.28775720164609053
1033,0,517,0.0005514541142884863,0.0,0.17420798898071627
1034,0,517,0.0005514541142884863,0.0,0.17420798898071627
1035,0,518,5.981010136530558e-07,0.0,0.6016528925619835
1036,0,518,5.981010136530558e-07,0.0,0.6016528925619835
1037,0,519,7.331924626953311e-07,0.0,0.6265840220385674
1038,0,519,7.331924626953311e-07,0.0,0.6265840220385674
1039,0,520,3.267249430786923e-05,0.0,0.4268101894364521
1040,0,520,3.267249430786923e-05,0.0,0.4268101894364521
1041,0,521,7.942281607112977e-06,0.0,0.48570654382874945
1042,0,521,7.942281607112977e-06,0.0,0.48570654382874945
1043,0,522,0.0003165443469294711,0.0,0.23455493835523641
1044,0,522,0.0003165443469294711,0.0,0.23455493835523641
1045,0,523,0.0004184524238759965,0.0,0.2222598563880233
1046,0,523,0.0004184524238759965,0.0,0.2222598563880233
1047,0,524,0.0001351081770189334,0.0,0.2592128437881046
1048,0,524,0.0001351081770189334,0.0,0.2592128437881046
1049,0,525,0.0011626625213892049,0.0,0.14049586776859505
1050,0,525,0.0011626625213892049,0.0,0.14049586776859505
1051,0,526,7.427825778059014e-05,0.0,0.2696625344352617
1052,0,526,7.427825778059014e-05,0.0,0.2696625344352617
1053,0,527,2.5786434379228505e-06,0.0,0.5394628099173554
1054,0,527,2.5786434379228505e-06,0.0,0.5394628099173554
1055,0,528,2.1543112976272076e-05,0.0,0.4233471074380165
1056,0,528,2.1543112976272076e-05,0.0,0.4233471074380165
1057,0,529,1.9255923872841143e-05,0.0,0.38555589565690573
1058,0,529,1.9255923872841143e-05,0.0,0.38555589565690573
1059,0,530,2.8810371982731978e-05,0.0,0.38271604938271603
1060,0,530,2.8810371982731978e-05,0.0,0.38271604938271603
1061,0,531,2.178184401281978e-05,0.0,0.42320936639118456
1062,0,531,2.178184401281978e-05,0.0,0.42320936639118456
1063,0,532,3.859638652653167e-06,0.0,0.5071847804088241
1064,0,532,3.859638652653167e-06,0.0,0.5071847804088241
1065,0,533,0.0012875783858824525,0.0,0.12576947930483284
1066,0,533,0.0012875783858824525,0.0,0.12576947930483284
1067,0,534,6.515390736931613e-06,0.0,0.4772038567493113
1068,0,534,6.515390736931613e-06,0.0,0.4772038567493113
1069,0,535,0.0017052994925103224,0.0,0.19588137264904942
1070,0,535,0.0017052994925103224,0.0,0.19588137264904942
1071,0,536,7.987917492761576e-06,0.0,0.41972632434629453
1072,0,536,7.987917492761576e-06,0.0,0.41972632434629453
1073,0,537,2.559733633967932e-05,0.0,0.3512396694214876
1074,0,537,2.559733633967932e-05,0.0,0.3512396694214876
1075,0,538,1.0041417373219536e-06,0.0,0.5859053497942387
1076,0,538,1.0041417373219536e-06,0.0,0.5859053497942387
1077,0,539,2.7928655137564065e-06,0.0,0.519701646090535
1078,0,539,2.7928655137564065e-06,0.0,0.519701646090535
1079,0,540,9.161755533397146e-07,0.0,0.660133744855967
1080,0,540,9.161755533397146e-07,0.0,0.660133744855967
1081,0,541,1.6699725251620417e-06,0.0,0.5950819672131147
1082,0,541,1.6699725251620417e-06,0.0,0.5950819672131147
1083,0,542,3.1137626795971974e-05,0.0,0.3579460777672402
1084,0,542,3.1137626795971974e-05,0.0,0.3579460777672402
1085,0,543,3.611183445774421e-05,0.0,0.3527548209366391
1086,0,543,3.611183445774421e-05,0.0,0.3527548209366391
1087,0,544,0.001717733761786069,0.0,0.1345679012345679
1088,0,544,0.001717733761786069,0.0,0.1345679012345679
1089,0,545,2.1152068957114904e-05,0.0,0.384297520661157
1090,0,545,2.1152068957114904e-05,0.0,0.384297520661157
1091,0,546,8.701361749186353e-06,0.0,0.4421487603305785
1092,0,546,8.701361749186353e-06,0.0,0.4421487603305785
1093,0,547,4.627644323445778e-06,0.0,0.45790325844970653
1094,0,547,4.627644323445778e-06,0.0,0.45790325844970653
1095,0,548,3.0441989421778566e-05,0.0,0.37315920144202974
1096,0,548,3.0441989421778566e-05,0.0,0.37315920144202974
1097,0,549,3.92211276908645e-07,0.0,0.6487603305785123
1098,0,549,3.92211276908645e-07,0.0,0.6487603305785123
1099,0,550,5.343414412341423e-06,0.0,0.44628099173553715
1100,0,550,5.343414412341423e-06,0.0,0.44628099173553715
1101,0,551,2.3484869983185817e-05,0.0,0.35537190082644626
1102,0,551,2.3484869983185817e-05,0.0,0.35537190082644626
1103,0,552,0.00015886153119448146,0.0,0.21990358126721765
1104,0,552,0.00015886153119448146,0.0,0.21990358126721765
1105,0,553,5.180123052261314e-06,0.0,0.4609053497942387
1106,0,553,5.180123052261314e-06,0.0,0.4609053497942387
1107,0,554,0.0014605120359267281,0.0,0.13934426229508196
1108,0,554,0.0014605120359267281,0.0,0.13934426229508196
1109,0,555,1.0534429482363513e-05,0.0,0.4605716253443526
1110,0,555,1.0534429482363513e-05,0.0,0.4605716253443526
1111,0,556,2.31592742799716e-05,0.0,0.371900826446281
1112,0,556,2.31592742799716e-05,0.0,0.371900826446281
1113,0,557,2.7506301943975042e-05,0.0,0.3566642859572152
1114,0,557,2.7506301943975042e-05,0.0,0.3566642859572152
1115,0,558,1.9670458627333698e-05,0.0,0.43495561677379857
1116,0,558,1.9670458627333698e-05,0.0,0.43495561677379857
1117,0,559,5.650830099259058e-06,0.0,0.45268256333830104
1118,0,559,5.650830099259058e-06,0.0,0.45268256333830104
1119,0,560,1.0165489565614547e-05,0.0,0.45158657279869396
1120,0,560,1.0165489565614547e-05,0.0,0.45158657279869396
1121,0,561,1.8144099270733626e-06,0.0,0.5577185792349726
1122,0,561,1.8144099270733626e-06,0.0,0.5577185792349726
1123,0,562,2.074349971565454e-05,0.0,0.3388146798893611
1124,0,562,2.074349971565454e-05,0.0,0.3388146798893611
1125,0,563,3.358371629842194e-05,0.0,0.32643526951359375
1126,0,563,3.358371629842194e-05,0.0,0.32643526951359375
1127,0,564,0.00023303367823675664,0.0,0.20327134986225898
1128,0,564,0.00023303367823675664,0.0,0.20327134986225898
1129,0,565,0.0011799344730310493,0.0,0.10699769678905297
1130,0,565,0.0011799344730310493,0.0,0.10699769678905297
1131,0,566,2.8513485050371655e-06,0.0,0.5206967213114755
1132,0,566,2.8513485050371655e-06,0.0,0.5206967213114755
1133,0,567,1.3052114276949096e-05,0.0,0.42083333333333334
1134,0,567,1.3052114276949096e-05,0.0,0.42083333333333334
1135,0,568,1.0091841796561152e-06,0.0,0.5835118865421896
1136,0,568,1.0091841796561152e-06,0.0,0.5835118865421896
1137,0,569,0.0001415598278751905,0.0,0.2272727272727273
1138,0,569,0.0001415598278751905,0.0,0.2272727272727273
1139,0,570,2.7495844143778744e-06,0.0,0.5308901232895271
1140,0,570,2.7495844143778744e-06,0.0,0.5308901232895271
1141,0,571,6.16645029419111e-05,0.0,0.39411157024793386
1142,0,571,6.16645029419111e-05,0.0,0.39411157024793386
1143,0,572,1.0679190434972216e-06,0.0,0.5793796551372309
1144,0,572,1.0679190434972216e-06,0.0,0.5793796551372309
1145,0,573,1.80140497853481e-06,0.0,0.5513819265682156
1146,0,573,1.80140497853481e-06,0.0,0.5513819265682156
1147,0,574,4.577024736059838e-05,0.0,0.364979763969663
1148,0,574,4.577024736059838e-05,0.0,0.364979763969663
1149,0,575,3.3877322776181155e-07,0.0,0.6783491480461177
1150,0,575,3.3877322776181155e-07,0.0,0.6783491480461177
1151,0,576,8.895587130195853e-05,0.0,0.2659762609257559
1152,0,576,8.895587130195853e-05,0.0,0.2659762609257559
1153,0,577,2.5088681224501552e-06,0.0,0.5257286671428085
1154,0,577,2.5088681224501552e-06,0.0,0.5257286671428085
1155,0,578,4.655981673894219e-06,0.0,0.522633744855967
1156,0,578,4.655981673894219e-06,0.0,0.522633744855967
1157,0,579,5.2026358859937945e-06,0.0,0.4590163934426229
1158,0,579,5.2026358859937945e-06,0.0,0.4590163934426229
1159,0,580,7.238245298683017e-07,0.0,0.622245179063361
1160,0,580,7.238245298683017e-07,0.0,0.622245179063361
1161,0,581,9.743571094919407e-07,0.0,0.6287963813216338
1162,0,581,9.743571094919407e-07,0.0,0.6287963813216338
1163,0,582,0.0004755907940276781,0.0,0.26334507519306327
1164,0,582,0.0004755907940276781,0.0,0.26334507519306327
1165,0,583,2.3348827200837454e-05,0.0,0.33612258953168045
1166,0,583,2.3348827200837454e-05,0.0,0.33612258953168045
1167,0,584,0.00010027592644322933,0.0,0.2644628099173554
1168,0,584,0.00010027592644322933,0.0,0.2644628099173554
1169,0,585,2.3082657782675835e-05,0.0,0.4132231404958677
1170,0,585,2.3082657782675835e-05,0.0,0.4132231404958677
1171,0,586,3.320124113405305e-05,0.0,0.30719654457028195
1172,0,586,3.320124113405305e-05,0.0,0.30719654457028195
1173,0,587,1.2170887152868799e-06,0.0,0.6639118457300275
1174,0,587,1.2170887152868799e-06,0.0,0.6639118457300275
1175,0,588,2.21818012497523e-06,0.0,0.5352961432506886
1176,0,588,2.21818012497523e-06,0.0,0.5352961432506886
1177,0,589,1.0939120881931045e-07,0.0,0.7851239669421488
1178,0,589,1.0939120881931045e-07,0.0,0.7851239669421488
1179,0,590,1.6064256333286274e-07,0.0,0.7938645716423495
1180,0,590,1.6064256333286274e-07,0.0,0.7938645716423495
1181,0,591,6.857815000320422e-08,0.0,0.7634986225895317
1182,0,591,6.857815000320422e-08,0.0,0.7634986225895317
1183,0,592,3.434687898100697e-05,0.0,0.3264858665587263
1184,0,592,3.434687898100697e-05,0.0,0.3264858665587263
1185,0,593,0.00012269344609419197,0.0,0.2700914872632044
1186,0,593,0.00012269344609419197,0.0,0.2700914872632044
1187,0,594,7.617712151238505e-05,0.0,0.28780864197530864
1188,0,594,7.617712151238505e-05,0.0,0.28780864197530864
1189,0,595,0.00013047685635294619,0.0,0.25619834710743805
1190,0,596,2.4668147660389238e-05,0.0,0.33199035812672173
1191,0,595,0.00013047685635294619,0.0,0.25619834710743805
1192,0,596,2.4668147660389238e-05,0.0,0.33199035812672173
1193,0,597,1.2907679756800988e-06,0.0,0.5761753149979678
1194,0,597,1.2907679756800988e-06,0.0,0.5761753149979678
1195,0,598,5.513199978020464e-06,0.0,0.4702489374620522
1196,0,598,5.513199978020464e-06,0.0,0.4702489374620522
1197,0,599,8.645399113274842e-07,0.0,0.6388774104683195
1198,0,599,8.645399113274842e-07,0.0,0.6388774104683195
1199,0,600,2.056547189914581e-06,0.0,0.6273662551440329
1200,0,600,2.056547189914581e-06,0.0,0.6273662551440329
1201,0,601,0.00011082259524739448,0.0,0.4481749311294766
1202,0,601,0.00011082259524739448,0.0,0.4481749311294766
1203,0,602,4.809011076039241e-05,0.0,0.3830761316872428
1204,0,602,4.809011076039241e-05,0.0,0.3830761316872428
1205,0,603,0.0003891075844041867,0.0,0.24281940116515377
1206,0,603,0.0003891075844041867,0.0,0.24281940116515377
1207,0,604,0.1519196617868973,0.0,0.14517906336088154
1208,0,604,0.1519196617868973,0.0,0.14517906336088154
1209,0,605,0.22560724595443768,0.3,0.28813846362281537
1210,0,605,0.22560724595443768,0.3,0.28813846362281537
