Clamp_Close_Time,Max_Injection_Speed,mean_output
-0.9024657082140384,-1.152397931452831,0.00026695406234637304
-0.9024657082140384,-0.9577081563414782,0.0004130796995402185
-0.9024657082140384,-0.5683211791799189,0.0009735518040461543
-0.9024657082140384,-0.1789342020183596,0.002208186687104026
-0.9024657082140384,0.0157555730929931,0.003251549250872673
-0.9024657082140384,0.2104453482043458,0.004698444721815941
-0.9024657082140384,0.2104453482043458,0.004698444721815941
-0.9024657082140384,0.4051425502545523,0.00665452361048926
-0.9024657082140384,0.5998323253659051,0.00924391946358869
-0.9024657082140384,0.7945295274161116,0.012617821443278934
-0.9024657082140384,-1.152397931452831,0.00026695406234637304
-0.9024657082140384,-0.9577081563414782,0.0004130796995402185
-0.9024657082140384,-0.5683211791799189,0.0009735518040461543
-0.9024657082140384,-0.1789342020183596,0.002208186687104026
-0.9024657082140384,0.0157555730929931,0.003251549250872673
-0.9024657082140384,0.2104453482043458,0.004698444721815941
-0.9024657082140384,0.2104453482043458,0.004698444721815941
-0.9024657082140384,0.4051425502545523,0.00665452361048926
-0.9024657082140384,0.5998323253659051,0.00924391946358869
-0.9024657082140384,0.7945295274161116,0.012617821443278934
-0.9024657082140384,-1.152397931452831,0.00026695406234637304
-0.9024657082140384,-0.9577081563414782,0.0004130796995402185
-0.9024657082140384,-0.5683211791799189,0.0009735518040461543
-0.9024657082140384,-0.1789342020183596,0.002208186687104026
-0.9024657082140384,0.0157555730929931,0.003251549250872673
-0.9024657082140384,0.2104453482043458,0.004698444721815941
-0.9024657082140384,0.2104453482043458,0.004698444721815941
-0.9024657082140384,0.4051425502545523,0.00665452361048926
-0.9024657082140384,0.5998323253659051,0.00924391946358869
-0.9024657082140384,0.7945295274161116,0.012617821443278934
-0.9024657082140384,-1.152397931452831,0.00026695406234637304
-0.9024657082140384,-0.9577081563414782,0.0004130796995402185
-0.9024657082140384,-0.5683211791799189,0.0009735518040461543
-0.9024657082140384,-0.1789342020183596,0.002208186687104026
-0.9024657082140384,0.0157555730929931,0.003251549250872673
-0.9024657082140384,0.2104453482043458,0.004698444721815941
-0.9024657082140384,0.2104453482043458,0.004698444721815941
-0.9024657082140384,0.4051425502545523,0.00665452361048926
-0.9024657082140384,0.5998323253659051,0.00924391946358869
-0.9024657082140384,0.7945295274161116,0.012617821443278934
-0.9024657082140384,-1.152397931452831,0.00026695406234637304
-0.9024657082140384,-0.9577081563414782,0.0004130796995402185
-0.9024657082140384,-0.5683211791799189,0.0009735518040461543
-0.9024657082140384,-0.1789342020183596,0.002208186687104026
-0.9024657082140384,0.0157555730929931,0.003251549250872673
-0.9024657082140384,0.2104453482043458,0.004698444721815941
-0.9024657082140384,0.2104453482043458,0.004698444721815941
-0.9024657082140384,0.4051425502545523,0.00665452361048926
-0.9024657082140384,0.5998323253659051,0.00924391946358869
-0.9024657082140384,0.7945295274161116,0.012617821443278934
0.978580361513066,-1.152397931452831,0.012878136756243719
0.978580361513066,-0.9577081563414782,0.017282540470231488
0.978580361513066,-0.5683211791799189,0.0296624322244124
0.978580361513066,-0.1789342020183596,0.04742031981413806
0.978580361513066,0.0157555730929931,0.058396483303191686
0.978580361513066,0.2104453482043458,0.0708098535450829
0.978580361513066,0.2104453482043458,0.0708098535450829
0.978580361513066,0.4051425502545523,0.08469636366774239
0.978580361513066,0.5998323253659051,0.1000499380579026
0.978580361513066,0.7945295274161116,0.11677996492751017
0.978580361513066,-1.152397931452831,0.012878136756243719
0.978580361513066,-0.9577081563414782,0.017282540470231488
0.978580361513066,-0.5683211791799189,0.0296624322244124
0.978580361513066,-0.1789342020183596,0.04742031981413806
0.978580361513066,0.0157555730929931,0.058396483303191686
0.978580361513066,0.2104453482043458,0.0708098535450829
0.978580361513066,0.2104453482043458,0.0708098535450829
0.978580361513066,0.4051425502545523,0.08469636366774239
0.978580361513066,0.5998323253659051,0.1000499380579026
0.978580361513066,0.7945295274161116,0.11677996492751017
0.978580361513066,-1.152397931452831,0.012878136756243719
0.978580361513066,-0.9577081563414782,0.017282540470231488
0.978580361513066,-0.5683211791799189,0.0296624322244124
0.978580361513066,-0.1789342020183596,0.04742031981413806
0.978580361513066,0.0157555730929931,0.058396483303191686
0.978580361513066,0.2104453482043458,0.0708098535450829
0.978580361513066,0.2104453482043458,0.0708098535450829
0.978580361513066,0.4051425502545523,0.08469636366774239
0.978580361513066,0.5998323253659051,0.1000499380579026
0.978580361513066,0.7945295274161116,0.11677996492751017
0.978580361513066,-1.152397931452831,0.012878136756243719
0.978580361513066,-0.9577081563414782,0.017282540470231488
0.978580361513066,-0.5683211791799189,0.0296624322244124
0.978580361513066,-0.1789342020183596,0.04742031981413806
0.978580361513066,0.0157555730929931,0.058396483303191686
0.978580361513066,0.2104453482043458,0.0708098535450829
0.978580361513066,0.2104453482043458,0.0708098535450829
0.978580361513066,0.4051425502545523,0.08469636366774239
0.978580361513066,0.5998323253659051,0.1000499380579026
0.978580361513066,0.7945295274161116,0.11677996492751017
0.978580361513066,-1.152397931452831,0.012878136756243719
0.978580361513066,-0.9577081563414782,0.017282540470231488
0.978580361513066,-0.5683211791799189,0.0296624322244124
0.978580361513066,-0.1789342020183596,0.04742031981413806
0.978580361513066,0.0157555730929931,0.058396483303191686
0.978580361513066,0.2104453482043458,0.0708098535450829
0.978580361513066,0.2104453482043458,0.0708098535450829
0.978580361513066,0.4051425502545523,0.08469636366774239
0.978580361513066,0.5998323253659051,0.1000499380579026
0.978580361513066,0.7945295274161116,0.11677996492751017
