budget,random_rate,inspected,expected_caught,expected_recall
1%,0.0,14.0,8.0,0.47058823529411764
1%,0.05,73.85,8.45,0.4970588235294117
1%,0.1,133.7,8.9,0.5235294117647059
2%,0.0,20.0,8.0,0.47058823529411764
2%,0.05,79.55000000000001,8.45,0.4970588235294117
2%,0.1,139.10000000000002,8.9,0.5235294117647059
5%,0.0,54.0,10.0,0.5882352941176471
5%,0.05,111.85,10.35,0.6088235294117647
5%,0.1,169.7,10.7,0.6294117647058823
10%,0.0,114.0,14.0,0.8235294117647058
10%,0.05,168.85,14.15,0.8323529411764706
10%,0.1,223.7,14.3,0.8411764705882353
20%,0.0,239.0,17.0,1.0
20%,0.05,287.6,17.0,1.0
20%,0.1,336.2,17.0,1.0
1k,0.0,14.0,8.0,0.47058823529411764
1k,0.05,73.85,8.45,0.4970588235294117
1k,0.1,133.7,8.9,0.5235294117647059
aux_k,0.0,30.0,9.0,0.5294117647058824
aux_k,0.05,89.05000000000001,9.4,0.5529411764705883
aux_k,0.1,148.10000000000002,9.8,0.5764705882352942
