variable,meaning,expected_relation,confidence,source
Injection_Time,사출 시간 - 스크루가 전진해 용융 수지를 금형에 밀어 넣는 시간,양방향: 기준보다 짧으면 미성형 · 길면 과충전·버 가능,중,AI 초안 · 일반 사출성형 지식 · 도메인 검토 전
Filling_Time,충전 시간 - 캐비티가 수지로 채워지는 데 걸린 시간,양방향: 벗어나면 미성형 또는 플래시 가능,중,AI 초안 · 일반 사출성형 지식 · 도메인 검토 전
Plasticizing_Time,가소화(계량) 시간 - 다음 샷 수지를 녹여 계량하는 시간,약함: 성형 이후 단계 값이라 원인보다 공정 상태 지표(D-006) · 들쭉날쭉하면 수지 공급 불안정 신호,하,AI 초안 · 일반 사출성형 지식 · 도메인 검토 전
Cycle_Time,사이클 시간 - 한 샷 전체 소요 시간,약함: 급변하면 정지·재가동 같은 공정 불안정 신호(D-006),하,AI 초안 · 일반 사출성형 지식 · 도메인 검토 전
Clamp_Close_Time,형체 시간 - 금형이 닫히고 체결되는 데 걸린 시간,약함: 체결 이상이면 플래시·치수 불량 가능,하,AI 초안 · 일반 사출성형 지식 · 도메인 검토 전
Cushion_Position,쿠션량 - 보압 종료 시 스크루 앞에 남은 수지량(위치),양방향: 작으면 보압 부족으로 수축·싱크마크 · 크면 계량 과다,중,AI 초안 · 일반 사출성형 지식 · 도메인 검토 전
Plasticizing_Position,계량 완료 위치 - 다음 샷을 위해 계량한 수지량(위치),약함: 성형 이후 단계 값(D-006) · 벗어나면 샷 중량 변동 신호,하,AI 초안 · 일반 사출성형 지식 · 도메인 검토 전
Clamp_Open_Position,형개 위치 - 성형 후 금형이 열린 위치,약함: 성형 이후 동작이라 품질 영향 작음(D-006) · labeled에서 상수,하,AI 초안 · 일반 사출성형 지식 · 도메인 검토 전
Max_Injection_Speed,최대 사출 속도,양방향: 높으면 플래시·가스 탄 자국 · 낮으면 미성형·웰드라인,중,AI 초안 · 일반 사출성형 지식 · 도메인 검토 전
Max_Screw_RPM,계량 중 최대 스크루 회전수,약함: 높으면 전단 발열로 수지 열화 가능,하,AI 초안 · 일반 사출성형 지식 · 도메인 검토 전
Average_Screw_RPM,계량 중 평균 스크루 회전수,약함: 높으면 전단 발열로 수지 열화 가능,하,AI 초안 · 일반 사출성형 지식 · 도메인 검토 전
Max_Injection_Pressure,최대 사출 압력,양방향: 벗어나면 충전 이상(미성형 또는 플래시) 신호,중,AI 초안 · 일반 사출성형 지식 · 도메인 검토 전
Max_Switch_Over_Pressure,보압 전환(V/P 전환) 시점 최대 압력,양방향: 전환 시점 압력 변동은 충전 상태 변동 신호,중,AI 초안 · 일반 사출성형 지식 · 도메인 검토 전
Max_Back_Pressure,계량 중 최대 배압,약함: 낮으면 혼련 부족·기포 · 높으면 열화,하,AI 초안 · 일반 사출성형 지식 · 도메인 검토 전
Average_Back_Pressure,계량 중 평균 배압,약함: 낮으면 혼련 부족·기포 · 높으면 열화,하,AI 초안 · 일반 사출성형 지식 · 도메인 검토 전
Barrel_Temperature_1,배럴 1구간 히터 온도(구간 번호와 위치의 대응은 미확보),양방향: 벗어나면 용융 점도가 변해 충전 불량·열화 가능,중,AI 초안 · 일반 사출성형 지식 · 도메인 검토 전
Barrel_Temperature_2,배럴 2구간 히터 온도(구간 번호와 위치의 대응은 미확보),양방향: 벗어나면 용융 점도가 변해 충전 불량·열화 가능,중,AI 초안 · 일반 사출성형 지식 · 도메인 검토 전
Barrel_Temperature_3,배럴 3구간 히터 온도(구간 번호와 위치의 대응은 미확보),양방향: 벗어나면 용융 점도가 변해 충전 불량·열화 가능,중,AI 초안 · 일반 사출성형 지식 · 도메인 검토 전
Barrel_Temperature_4,배럴 4구간 히터 온도(구간 번호와 위치의 대응은 미확보),양방향: 벗어나면 용융 점도가 변해 충전 불량·열화 가능,중,AI 초안 · 일반 사출성형 지식 · 도메인 검토 전
Barrel_Temperature_5,배럴 5구간 히터 온도(구간 번호와 위치의 대응은 미확보),양방향: 벗어나면 용융 점도가 변해 충전 불량·열화 가능,중,AI 초안 · 일반 사출성형 지식 · 도메인 검토 전
Barrel_Temperature_6,배럴 6구간 히터 온도(구간 번호와 위치의 대응은 미확보),양방향: 벗어나면 용융 점도가 변해 충전 불량·열화 가능,중,AI 초안 · 일반 사출성형 지식 · 도메인 검토 전
Hopper_Temperature,호퍼(원료 투입구) 온도,약함: 원료 예열·건조 상태 지표 · 낮으면 수분으로 은줄 가능,하,AI 초안 · 일반 사출성형 지식 · 도메인 검토 전
Mold_Temperature_3,금형 온도(측정 채널 3),양방향: 낮으면 웰드라인·미성형·외관 불량 · 높으면 수축,중,AI 초안 · 일반 사출성형 지식 · 도메인 검토 전
Mold_Temperature_4,금형 온도(측정 채널 4),양방향: 낮으면 웰드라인·미성형·외관 불량 · 높으면 수축,중,AI 초안 · 일반 사출성형 지식 · 도메인 검토 전
