no,name_kr,url,industry,purpose,data_type,n_variables,n_records,file_format,file_size,label_info,guidebook,login_required,updated_at,summary,n_rows,n_cols,past_round,cluster
1,제조 현장용 OCR학습 AI 데이터셋,https://www.kamp-ai.kr/aidataDetail?DATASET_SEQ=1,정밀가공,생산공정 최적화,이미지,미확보,"27,237개","jpg, xml",76.1 MB,"라벨 있음(xml 라벨 정보, 문자 인식/이미지 분류)",Y,Y,2020.12.14(등록) / 2025.04.02(수정),저울 LED 숫자를 OCR로 읽어 충진중량 기록을 자동화하는 AI 분석 과정을 담은 데이터셋이다.,미확보,미확보,,precision
2,Ford 엔진 진동 AI 데이터셋,https://www.kamp-ai.kr/aidataDetail?DATASET_SEQ=2,기타,예지보전,시계열,500,"4,921개","ARFF, txt",30 MB,라벨 있음(정상/비정상 이진분류),Y,Y,2020.12.14(등록) / 2025.04.02(수정),Ford 모터센서 공개 데이터로 소음 변화를 분석해 정상·비정상을 분류하는 것이 목적이다.,미확보,500,,other
3,CNC 머신 AI 데이터셋,https://www.kamp-ai.kr/aidataDetail?DATASET_SEQ=3,정밀가공,생산공정 최적화,시계열,48,"96,169개",csv,14.62 MB,라벨 있음(가공 양/불량 판정 분류),Y,Y,2020.12.14(등록) / 2025.04.02(수정),CNC 부품의 위치·속도·전압·전류 등을 수집해 딥뉴럴네트워크로 가공 불량을 예측한다.,미확보,48,,precision
4,사출성형기 AI 데이터셋,https://www.kamp-ai.kr/aidataDetail?DATASET_SEQ=4,사출성형,품질보증,정형표,27,"886,227개",csv,35.2 MB,라벨 있음(일별 불량률 이력),Y,Y,2020.12.14(등록) / 2025.04.02(수정),사출성형기의 계량·온도·압력·시간·속도 데이터로 여러 알고리즘을 비교해 불량을 예측한다.,미확보,27,,injection_molding
5,용접기 AI 데이터셋,https://www.kamp-ai.kr/aidataDetail?DATASET_SEQ=5,뿌리(용접접합),품질보증,정형표,4,"23,901행",csv,548 KB,라벨 있음(Lot 단위 불량 이력),Y,Y,2020.12.14(등록) / 2025.04.02(수정),로봇 용접기의 가압력·전류·전압·통전시간을 이상치 탐지로 분석해 용접 불량을 예측한다.,23901,4,,welding
6,머신비전 AI 데이터셋,https://www.kamp-ai.kr/aidataDetail?DATASET_SEQ=6,사출성형,품질보증,혼합,미확보,"1,674개","csv, json",450 MB,"라벨 있음(양품/불량 판정, 두께 수기 기록)",Y,Y,2020.12.14(등록) / 2025.04.02(수정),열화상 카메라로 찍은 사출품 온도 분포를 서포트벡터머신으로 판정해 양·불량을 선별한다.,미확보,미확보,,injection_molding
7,프레스기 AI 데이터셋,https://www.kamp-ai.kr/aidataDetail?DATASET_SEQ=7,뿌리(소성가공),생산공정 최적화,정형표,2,"125,526행",csv,2.41 MB,라벨 있음(생산 Lot 불량 이력),Y,Y,2020.12.14(등록) / 2025.04.02(수정),프레스 가압시간과 압력을 혼합 가우시안 모델로 분석해 프레스 생산품 불량을 예측한다.,125526,2,,metal_forming
8,용해탱크 AI 데이터셋,https://www.kamp-ai.kr/aidataDetail?DATASET_SEQ=8,식품가공,품질보증,시계열,3,"835,200건",csv,35.2MB,미확보,Y,Y,2020.12.14(등록) / 2025.04.02(수정),용해탱크의 온도·교반속도·수분함유량을 LSTM으로 학습해 최종 품질을 예측한다.,미확보,3,제2회,food
9,교반구동장치 AI 데이터셋,https://www.kamp-ai.kr/aidataDetail?DATASET_SEQ=9,식품가공,예지보전,음향·진동,2,"351,232개",csv,19.3MB,라벨 있음(정상/결함 이진분류),Y,Y,2020.12.14(등록) / 2025.04.02(수정),교반구동장치 진동센서 데이터를 K-최근접이웃으로 분석해 설비 정상 작동 여부를 판단한다.,미확보,2,,food
10,살균기 AI 데이터셋,https://www.kamp-ai.kr/aidataDetail?DATASET_SEQ=10,식품가공,품질보증,시계열,3,"210,794건",csv,6.11MB,라벨 있음(양품/불량여부 이진분류),Y,Y,2020.12.14(등록) / 2025.04.02(수정),저온살균 공정의 살균상태·온도와 양불 여부를 의사결정나무로 분석해 품질을 예측한다.,미확보,3,,food
11,건조구동장치 AI 데이터셋,https://www.kamp-ai.kr/aidataDetail?DATASET_SEQ=11,식품가공,예지보전,음향·진동,1,"3,418,112개",csv,143MB,미확보,Y,Y,2020.12.14(등록) / 2025.04.02(수정),건조구동장치 진동 데이터를 주성분분석으로 다뤄 설비의 정상 작동을 확인한다.,미확보,1,,food
12,X-ray 검사장비 AI 데이터셋,https://www.kamp-ai.kr/aidataDetail?DATASET_SEQ=12,식품가공,품질보증,혼합,미확보,"3,919개(bmp·jpg), 530개(txt)","bmp, jpg, txt",419MB,"라벨 있음(결함 표시 이미지, 불량내역)",Y,Y,2020.12.14(등록) / 2025.04.02(수정),X선 검사 이미지를 YOLOv3로 학습해 완제품 내 금속·이물 불량을 검출한다.,미확보,미확보,,food
13,제조현장용 Scene-Text Recognition 학습 AI 데이터셋,https://www.kamp-ai.kr/aidataDetail?DATASET_SEQ=16,뿌리(용접접합),품질보증,이미지,미확보,3896개,"jpg, json",2.99GB,라벨 있음(json 레이블 파일),Y,Y,2021.12.27(등록) / 2025.04.02(수정),현장 계측 이미지로 저울 LED 숫자를 인식·탐지해 무게 입력을 자동화한다.,미확보,미확보,,welding
14,회전기계 고장유형 AI 데이터셋,https://www.kamp-ai.kr/aidataDetail?DATASET_SEQ=18,기타,예지보전,음향·진동,4,"약 1,500,000개(2 sensor groups)",csv,73.0 MB,라벨 있음(고장유형 분류),Y,Y,2021.12.27(등록) / 2025.04.02(수정),테스트베드로 수집한 회전설비 진동 데이터를 DNN·CNN·RNN으로 학습해 고장을 진단한다.,미확보,4,,other
15,공정운영 최적화 AI 데이터셋,https://www.kamp-ai.kr/aidataDetail?DATASET_SEQ=19,뿌리(표면처리),생산공정 최적화,시계열,6,"252,648개",csv,2MB,미확보,Y,Y,2021.12.27(등록) / 2025.04.02(수정),산제 전처리 공정의 온도·pH·시간을 Decision Tree로 학습해 완제품 품질을 예측한다.,미확보,6,,surface_treat
16,"품질 이상탐지,진단(전해탈지) AI 데이터셋",https://www.kamp-ai.kr/aidataDetail?DATASET_SEQ=20,뿌리(표면처리),품질보증,시계열,10,"300,696개",csv,2MB,"연속값(품질 예측, Regression)",Y,Y,2021.12.27(등록) / 2025.04.02(수정),전해탈지 공정의 pH·온도·전류 등을 autoKeras 회귀로 학습해 완제품 품질을 예측한다.,미확보,10,,surface_treat
17,"품질 이상탐지,진단(도금욕) AI 데이터셋",https://www.kamp-ai.kr/aidataDetail?DATASET_SEQ=21,뿌리(표면처리),품질보증,시계열,7,"350,757개",csv,2MB,연속값(품질 예측)/분류 병용,Y,Y,2021.12.27(등록) / 2025.04.02(수정),도금욕 공정의 온도·pH·전류·전압 데이터를 회귀와 의사결정나무로 학습해 품질을 예측한다.,미확보,7,,surface_treat
18,장비이상 조기탐지 AI 데이터셋,https://www.kamp-ai.kr/aidataDetail?DATASET_SEQ=23,뿌리(표면처리),예지보전,혼합,미확보,"307,083개","csv, wav",1.8GB,미확보,Y,Y,2021.12.27(등록) / 2025.04.02(수정),열풍건조 공정의 공정값과 팬 소리 데이터를 LSTM-AE 등으로 학습해 설비 이상을 탐지한다.,미확보,미확보,,surface_treat
19,"품질 이상탐지,진단(크로메이트) AI 데이터셋",https://www.kamp-ai.kr/aidataDetail?DATASET_SEQ=25,뿌리(표면처리),품질보증,혼합,6,"302,115개","csv, png",911MB,"라벨 있음(이미지 CNN 양/불량, 품질값 회귀)",Y,Y,2021.12.27(등록) / 2025.04.02(수정),"크로메이트 공정값은 의사결정나무로, 제품 이미지는 CNN으로 학습해 품질검사를 자동화한다.",미확보,6,,surface_treat
20,공급망 최적화 AI 데이터셋,https://www.kamp-ai.kr/aidataDetail?DATASET_SEQ=26,기타,공급망 최적화,시계열,84,"17,364행",xls,9.7 MB,연속값(발주 수량 예측),Y,Y,2021.12.27(등록) / 2025.04.02(수정),과거 발주·계획 발주 데이터를 LSTM으로 학습해 납품 수량을 예측한다.,17364,84,,other
21,자원 최적화 AI 데이터셋,https://www.kamp-ai.kr/aidataDetail?DATASET_SEQ=27,기타,자원 최적화,시계열,18,"111,024개",csv,427KB,연속값(전력 사용량 예측),Y,Y,2021.12.27(등록) / 2025.04.02(수정),변압기 센서로 15분 단위 전력 데이터를 모아 Random Forest·DNN으로 사용량을 예측한다.,미확보,18,,other
22,생산공정 최적화 AI 데이터셋,https://www.kamp-ai.kr/aidataDetail?DATASET_SEQ=28,사출성형,생산공정 최적화,정형표,19,"175,102행",csv,25.2MB,미확보,Y,Y,2021.12.27(등록) / 2025.04.02(수정),콘택트렌즈 금형조합·도수 데이터를 연관규칙과 XGBoost로 학습해 생산공정을 최적화한다.,175102,19,,injection_molding
23,제조현장 안전관리 AI 데이터셋,https://www.kamp-ai.kr/aidataDetail?DATASET_SEQ=29,기타,기타,이미지,미확보,"15,296개(영상 7,648 + 라벨 7,648)","jpg, xml",5.45 GB,라벨 있음(바운딩박스 좌표+객체 라벨),Y,Y,2021.12.27(등록) / 2025.04.02(수정),현장 영상에서 작업자를 검출하고 위치를 파악해 Yolo로 안전관리를 지원한다.,미확보,미확보,,other
24,생산계획 최적화 AI 데이터셋,https://www.kamp-ai.kr/aidataDetail?DATASET_SEQ=30,기타,기타,정형표,7,"150,403개",csv,1.4 MB,미확보,Y,Y,2021.12.27(등록) / 2025.04.02(수정),NC 설비 생산 데이터와 유전 알고리즘으로 납기 지연을 줄이는 생산계획을 세운다.,미확보,7,,other
25,표면처리 공급망 최적화 AI 데이터셋,https://www.kamp-ai.kr/aidataDetail?DATASET_SEQ=36,뿌리(표면처리),공급망 최적화,정형표,26,"3,487개(row 177 × col 26)",csv,62 KB,미확보,Y,Y,2022.12.23(등록) / 2025.04.02(수정),생산 주문 리스트를 유전 알고리즘으로 학습해 재고 최소화와 생산량 예측을 노린다.,177,26,,surface_treat
26,열처리 공급망 최적화 AI 데이터셋,https://www.kamp-ai.kr/aidataDetail?DATASET_SEQ=37,뿌리(열처리),공급망 최적화,정형표,6,"4,128개(row 688 × col 6)",csv,25 KB,연속값(출고 수량 예측),Y,Y,2022.12.23(등록) / 2025.04.02(수정),품목별 생산량·재고 데이터를 베이지안 신경망으로 학습해 출고량을 예측한다.,688,6,,heat_treatment
27,사출성형 공급망 최적화 AI 데이터셋,https://www.kamp-ai.kr/aidataDetail?DATASET_SEQ=40,사출성형,공급망 최적화,시계열,20,"692,340개(row 34,617 × col 20)",csv,4 MB,연속값(수주량 예측),Y,Y,2022.12.23(등록) / 2025.04.02(수정),시점별 수주량과 생산계획 데이터를 1D CNN으로 학습해 수주량을 예측한다.,34617,20,,injection_molding
28,표면처리 자원 최적화 AI 데이터셋,https://www.kamp-ai.kr/aidataDetail?DATASET_SEQ=41,뿌리(표면처리),자원 최적화,시계열,9,"220,311개(row 24,479 × col 9)",csv,1.33MB,연속값(필요 노동력/투입 인원 예측),Y,Y,2022.12.23(등록) / 2025.04.02(수정),과거 스케줄 데이터로 Random Forest를 학습해 당일 작업량에 필요한 공정 인원을 도출한다.,24479,9,,surface_treat
29,화장품 품질보증 AI 데이터셋,https://www.kamp-ai.kr/aidataDetail?DATASET_SEQ=42,화장품,품질보증,정형표,12(Process_Data) / 6(QC_Data),"710,928개(Process 710,796 + QC 132)",csv,미확보,라벨 있음(QC_Data 품질 측정값),Y,Y,2022.12.23(등록) / 2025.04.02(수정),혼합 공정 데이터와 품질검사 데이터를 DNN으로 학습해 완제품 품질 영향을 예측한다.,미확보,12,,cosmetics
30,열처리 예지보전 AI 데이터셋,https://www.kamp-ai.kr/aidataDetail?DATASET_SEQ=43,뿌리(열처리),예지보전,시계열,22,"raw_total_data 63,562,290개(row 2,889,195) / data 7,598,580개(row 345,390)",csv,raw 583MB / data 70MB,라벨 있음(설비 이상신호),Y,Y,2022.12.23(등록) / 2025.04.02(수정),열처리 소입로·건조로의 온도와 출력량 등을 Auto-Encoder로 학습해 설비 이상을 탐지한다.,2889195,22,,heat_treatment
31,정밀가공 자원최적화 AI 데이터셋,https://www.kamp-ai.kr/aidataDetail?DATASET_SEQ=44,정밀가공,자원 최적화,시계열,3,"312,240개(row 104,080 × col 3)",xlsx,미확보,라벨 있음(정상 홀/불량 홀 이진분류),Y,Y,2022.12.23(등록) / 2025.04.02(수정),레이저 홀 가공 시 발생하는 반사광 데이터로 정상 홀과 불량 홀을 구별한다.,104080,3,,precision
32,로봇용접 예지보전 AI 데이터셋,https://www.kamp-ai.kr/aidataDetail?DATASET_SEQ=45,뿌리(용접접합),예지보전,음향·진동,3,"9,358,120개(진동 918,270 / 전류 8,439,850)",csv,105MB,미확보,Y,Y,2022.12.23(등록) / 2025.04.02(수정),로봇 용접기의 진동·전류 센서 데이터를 Convolutional Autoencoder로 학습해 이상 동작을 감지한다.,미확보,3,,welding
33,소성가공 자원최적화 AI 데이터셋,https://www.kamp-ai.kr/aidataDetail?DATASET_SEQ=46,뿌리(소성가공),자원 최적화,시계열,미확보,"717,774개",xls,8.15MB,미확보,Y,Y,2022.12.23(등록) / 2025.04.02(수정),단조프레스 설비 6대의 전력 소모량을 분석해 에너지 자원 최적화 방안을 세운다.,미확보,미확보,,metal_forming
34,전자부품(음향기기) 품질보증 AI 데이터셋,https://www.kamp-ai.kr/aidataDetail?DATASET_SEQ=47,전자부품,품질보증,음향·진동,미확보,348개,wav,1.14GB,라벨 있음(정상/불량 제품 소리 이진분류),Y,Y,2022.12.23(등록) / 2025.04.02(수정),출하검사 단계의 음향기기 소리 데이터를 LSTM으로 분석해 최종 품질검사를 자동화한다.,미확보,미확보,,electronics
35,소성가공 예지보전 AI 데이터셋,https://www.kamp-ai.kr/aidataDetail?DATASET_SEQ=48,뿌리(소성가공),예지보전,시계열,5,"정상 100,000개(row 20,000 × col 5) / 이상 3,000개(row 600 × col 5)",csv,정상 1.15MB / 이상 37.9KB,"라벨 있음(Equipment_state, 정상/이상)",Y,Y,2022.12.23(등록) / 2025.04.02(수정),유압펌프 모터의 진동·전류를 시계열 이상치탐지로 학습해 설비고장을 사전 예측한다.,20000,5,,metal_forming
36,소성가공 품질보증 AI 데이터셋,https://www.kamp-ai.kr/aidataDetail?DATASET_SEQ=49,뿌리(소성가공),품질보증,시계열,20,"345,600개(row 17,280 × col 20)",csv,1.61MB,라벨 있음(양/불량 판정),Y,Y,2022.12.23(등록) / 2025.04.02(수정),압출성형기의 수지온도·압력·모터속도로 여러 알고리즘을 비교해 불량품을 예측한다.,17280,20,,metal_forming
37,정밀가공 품질보증 AI 데이터셋,https://www.kamp-ai.kr/aidataDetail?DATASET_SEQ=50,정밀가공,품질보증,정형표,43,"46,655개(row 1,085 × col 43)",csv,512KB,라벨 있음(불량 가공품 분류),Y,Y,2022.12.23(등록) / 2025.04.02(수정),CNC 가공기의 스핀들 부하·속도 데이터를 딥뉴럴네트워크로 학습해 불량품을 분류한다.,1085,43,,precision
38,용접 예지보전 AI 데이터셋,https://www.kamp-ai.kr/aidataDetail?DATASET_SEQ=51,뿌리(용접접합),예지보전,시계열,8,"정상 654,200개(row 81,775 × col 8) / 이상 145,800개(row 18,225 × col 8)",csv,정상 4.153MB / 이상 1.033MB,라벨 있음(정상/이상 데이터 구분),Y,Y,2022.12.23(등록) / 2025.04.02(수정),용접기 노즐의 전류·전압·속도를 LSTM-AutoEncoder로 학습해 이상 설비를 사전 식별한다.,81775,8,,welding
39,용접 공정최적화 AI 데이터셋,https://www.kamp-ai.kr/aidataDetail?DATASET_SEQ=52,뿌리(용접접합),생산공정 최적화,시계열,7,"5,179,216개(row 739,888 × col 7)",csv,정상 24.544MB / 이상 4.462MB,라벨 있음(공정품 불량 판정),Y,Y,2022.12.23(등록) / 2025.04.02(수정),강철 파이프 용접 데이터로 여러 부스팅 계열 알고리즘을 비교해 불량률을 낮춘다.,739888,7,,welding
40,주조 공정최적화 AI 데이터셋,https://www.kamp-ai.kr/aidataDetail?DATASET_SEQ=53,뿌리(주조),생산공정 최적화,정형표,23,"1,693,076개(row 73,612 × col 23)",csv,8.18MB,라벨 있음(양품/불량 판정),Y,Y,2022.12.23(등록) / 2026.07.13(수정),다이캐스팅 주조기의 온도·압력·속도로 양품·불량 판정 모델을 만들어 공정을 최적화한다.,73612,23,제4회,casting
41,주조 설비 예지보전 AI 데이터셋,https://www.kamp-ai.kr/aidataDetail?DATASET_SEQ=54,뿌리(주조),예지보전,정형표,17,"87,737개(row 5,161 × col 17)",csv,389 KB,라벨 있음(정상/비정상 이력),Y,Y,2022.12.23(등록) / 2025.04.02(수정),shot 단위 공정 데이터를 랜덤포레스트로 학습해 주조 설비의 정상·비정상 상태를 예측한다.,5161,17,,casting
42,주조 품질보증 AI 데이터셋,https://www.kamp-ai.kr/aidataDetail?DATASET_SEQ=55,뿌리(주조),품질보증,정형표,57,"429,495개(row 7,535 × col 57)",csv,1.43 MB,라벨 있음(양품/불량 및 불량유형 이력),Y,Y,2022.12.23(등록) / 2025.04.02(수정),shot 단위 공정·센서 데이터를 XGBoost로 학습해 별도 검사 없이 품질을 예측한다.,7535,57,,casting
43,사출성형 예지보전 AI 데이터셋,https://www.kamp-ai.kr/aidataDetail?DATASET_SEQ=56,사출성형,예지보전,시계열,26,"26,796,510개(row 1,030,635 × col 26)",csv,136 MB,라벨 있음(정상/비정상 라벨링),Y,Y,2022.12.23(등록) / 2025.04.02(수정),사출성형기의 온도·압력·시간·속도·위치를 오토인코더로 다뤄 품질을 예측한다.,1030635,26,,injection_molding
44,전자부품(배터리팩) 예지보전 AI 데이터셋,https://www.kamp-ai.kr/aidataDetail?DATASET_SEQ=57,전자부품,예지보전,시계열,7,"1,268,865개",csv,7.96 MB,라벨 있음(정상/비정상 작업상태),Y,Y,2022.12.23(등록) / 2025.04.02(수정),배터리모듈 용접설비 운영 데이터를 N-HiTS로 학습해 이상 발생 징후를 예측한다.,미확보,7,,electronics
45,전자부품(배터리팩) 품질보증 AI 데이터셋,https://www.kamp-ai.kr/aidataDetail?DATASET_SEQ=58,전자부품,품질보증,시계열,208(전압 176 + 온도 32),"116,939,945개",csv,630 MB,라벨 있음(품질 불량 선별),Y,Y,2022.12.23(등록) / 2025.04.02(수정),배터리셀의 전압·온도 측정 데이터로 품질 불량 선별에 중요한 설비운영 데이터를 골라 최종 품질을 예측한다.,미확보,208,,electronics
46,기계부품 품질보증 AI 데이터셋,https://www.kamp-ai.kr/aidataDetail?DATASET_SEQ=59,기계부품,품질보증,시계열,57,"[raw_total_data] 총 7,546,253개(row 579,297 × col 57) / [실습데이터] 총 33,019,929개(row 579,297 × col 57) (원문 표기 상호 불일치 / KI-001)",csv,raw total_data 80.9MB / 실습데이터 188MB,라벨 있음(설비 알람·품질 상태 기반 판정),Y,Y,2022.12.23(등록) / 2025.04.02(수정),냉간단조 설비의 전류·인버터 알람·변위 데이터를 XGBoost로 학습해 설비 품질을 보증한다.,579297,57,,machine_parts
47,열처리 품질보증 AI 데이터셋,https://www.kamp-ai.kr/aidataDetail?DATASET_SEQ=60,뿌리(열처리),품질보증,시계열,21(data) / 7(열처리_품질데이터),"[data] 총 61,734,162개(row 2,939,722 × col 21) / [열처리_품질데이터] 총 952개(row 136 × col 7)",csv,data 515MB / 열처리_품질데이터 16KB,라벨 있음(별도 품질데이터 파일),Y,Y,2022.12.23(등록) / 2025.04.02(수정),열처리 염욕설비의 건조존 OP·온도 등 26개 항목을 XGBoost로 학습해 생산품 불량을 예측한다.,2939722,21,제3회(추정),heat_treatment
48,열처리 공정최적화 AI 데이터셋,https://www.kamp-ai.kr/aidataDetail?DATASET_SEQ=61,뿌리(열처리),생산공정 최적화,시계열,20(raw_total_data) / 22(label),"[raw_total_data] 총 58,794,440개(row 2,939,722 × col 20) / [label] 총 2,992개(row 136 × col 22)","csv, xlsx",raw_total_data 481MB / label 24KB,라벨 있음(별도 label 파일 / 선형회귀 연속값),Y,Y,2022.12.23(등록) / 2025.04.02(수정),열처리 염욕설비의 건조존 데이터를 선형회귀로 학습해 공정 최적값을 예측한다.,2939722,20,,heat_treatment
49,의류 품질보증 AI 데이터셋,https://www.kamp-ai.kr/aidataDetail?DATASET_SEQ=62,의류,품질보증,정형표,13,"31,813,751개","xlsx, csv",157MB,라벨 있음(염색 색차 DE 등 품질 판정),Y,Y,2022.12.23(등록) / 2025.04.02(수정),염색공정의 MES 물량·설비 공정값·CCM 측정값을 XGBoost로 학습해 불량품을 예측한다.,미확보,13,,apparel
50,의류 공정최적화 AI 데이터셋,https://www.kamp-ai.kr/aidataDetail?DATASET_SEQ=90,의류,생산공정 최적화,정형표,11,"31,813,751개","xlsx, csv",157MB,라벨 있음(염색 색차 DE 등 공정 최적값),Y,Y,2023.08.18(등록) / 2025.04.02(수정),염색공정 데이터를 Random Forest와 유전알고리즘으로 학습해 공정 최적값을 예측한다.,미확보,11,,apparel
